,School_Num,School_Nam,Place_addr,Grade_Rang,X,Y,Campus Short Name,End Time,CAMPUS,CAMPNAME,D504,All,Asian,Attrition,Attrition_Denom,Black,DAEP,Dyslexia,Econ_Disadv,Female,Foster_Care,Hispanic,Homeless,Immigrant,Am_Ind,Eng_Learner,Male,Migrant,Military_Conn,Non_Ed_Disadv,Pacific_Is,At_Risk,Title_I,Two_Or_More,White,DISTNAME,DISTRICT,_merge,Place_Id
0,'101912001,AUSTIN H S,"1700 Dumble St, Houston, Texas, 77023",'09-12,-95.33146471,29.73019386,Austin HS,1/11/22 15:30,'101912001,AUSTIN H S,45,1510,1,212,1299,123,41,32,1447,678,0,1374,26,49,2,494,832,1,0,63,1,1175,1510,2,7,HOUSTON ISD,'101912,both,ChIJgaYY2_S-QIYRFmJmKC3LsfU
1,'101912002,BELLAIRE H S,"5100 Maple St, Bellaire, Texas, 77401",'09-12,-95.46901601,29.69119751,Bellaire HS,1/11/22 16:10,'101912002,BELLAIRE H S,226,3213,402,351,2716,672,71,122,1436,1641,0,1320,6,89,9,436,1572,0,0,1777,5,1246,3213,74,731,HOUSTON ISD,'101912,both,ChIJ2fwl0vHBQIYRN_qcsw1UoOc
2,'101912003,NORTHSIDE H S,"1101 Quitman St, Houston, Texas, 77009",'09-12,-95.35798446,29.78293409,Northside HS,1/11/22 16:10,'101912003,NORTHSIDE H S,45,1431,0,162,1165,212,16,42,1337,691,0,1204,5,10,3,358,740,0,0,94,0,896,1431,2,10,HOUSTON ISD,'101912,both,ChIJa6zbsNC4QIYRvcP6oBeJ3KM
3,'101912004,FURR H S,"520 Mercury Dr, Houston, Texas, 77013",'09-12,-95.24698669,29.77899644,Furr HS,1/11/22 16:10,'101912004,FURR H S,25,1110,5,174,922,200,37,34,1068,541,5,883,27,90,3,310,569,2,0,42,0,691,1110,4,15,HOUSTON ISD,'101912,both,ChIJOVxSQWC7QIYRk1trHTtvlCs
4,'101912006,JONES FUTURES ACADEMY,"7414 St Lo Rd, Houston, Texas, 77033",'09-12,-95.33950513,29.67438731,Jones HS,1/11/22 15:30,'101912006,JONES FUTURES ACADEMY,9,341,0,34,258,131,1,4,317,216,0,203,4,9,1,61,125,0,0,24,0,190,341,2,4,HOUSTON ISD,'101912,both,ChIJsxU15YWVQIYR6wn3nxZIJLM
5,'101912007,KASHMERE H S,"6900 Wileyvale Rd, Houston, Texas, 77028",'09-12,-95.31654668,29.82265974,Kashmere HS,1/11/22 16:10,'101912007,KASHMERE H S,27,830,1,163,677,492,32,25,789,410,18,317,5,34,1,141,420,2,0,41,0,523,830,3,16,HOUSTON ISD,'101912,both,ChIJY9td8oG5QIYRr1NmfSNVD5o
6,'101912008,LAMAR H S,"3325 Westheimer Rd, Houston, Texas, 77098",'09-12,-95.42603797,29.74210249,Lamar HS,1/11/22 16:10,'101912008,LAMAR H S,221,2811,149,268,2124,742,22,86,1386,1420,0,1089,15,52,9,218,1391,4,0,1425,8,869,2811,76,738,HOUSTON ISD,'101912,both,ChIJYZy47OXAQIYRkfxk6dbgSZs
7,'101912009,WISDOM H S,"6529 Beverlyhill St, Houston, Texas, 77057",'09-12,-95.496841,29.72861102,Wisdom HS,1/11/22 16:10,'101912009,WISDOM H S,26,1856,110,388,1592,214,27,32,1816,835,0,1418,32,479,6,1152,1021,5,0,40,1,1522,1856,6,101,HOUSTON ISD,'101912,both,ChIJKTe1ybfDQIYRi0wRxNdwYGg
8,'101912010,MADISON H S,"13719 White Heather Dr, Houston, Texas, 77045",'09-12,-95.43777087,29.62970632,Madison HS,1/11/22 16:10,'101912010,MADISON H S,54,1834,5,276,1457,664,21,49,1594,833,1,1141,81,74,3,511,1001,0,0,240,1,1204,1834,8,12,HOUSTON ISD,'101912,both,ChIJGYxfm6rrQIYR_cUaou0omic
9,'101912011,MILBY H S,"1601 Broadway St, Houston, Texas, 77012",'09-12,-95.2780398,29.710524,Milby HS,1/11/22 15:30,'101912011,MILBY H S,54,2143,8,176,1686,79,65,53,1996,1043,0,2031,141,85,6,491,1100,8,2,147,0,1340,2143,2,17,HOUSTON ISD,'101912,both,ChIJ12qdRI-VQIYRLB7XCbon3Bs
10,'101912012,HEIGHTS H S,"413 E 13th St, Houston, Texas, 77008",'09-12,-95.39285603,29.79446784,Heights HS,1/11/22 16:10,'101912012,HEIGHTS H S,143,2438,23,146,1796,295,9,81,1604,1221,0,1832,21,12,3,234,1217,1,0,834,2,983,2438,28,255,HOUSTON ISD,'101912,both,ChIJsU0h-V_HQIYReCbZga9eZ4o
11,'101912013,COMMUNITY SERVICES-SEC,"1102 Telephone Rd, Houston, Texas, 77023",'EE-12,-95.32805319,29.73238845,Community Services,1/11/22 16:10,'101912013,COMMUNITY SERVICES-SEC,5,64,0,121,122,15,0,0,34,23,12,37,5,3,0,13,41,0,0,30,0,62,5,0,12,HOUSTON ISD,'101912,both,ChIJ5ff4CYu-QIYRnlC-LR4O9rg
12,'101912014,STERLING H S,"11625 Martindale Rd, Houston, Texas, 77048",'09-12,-95.32397254,29.63647701,Sterling HS,1/11/22 16:10,'101912014,STERLING H S,49,1642,8,265,1276,786,40,59,1508,723,7,819,49,38,1,380,919,0,0,134,0,1132,1642,9,19,HOUSTON ISD,'101912,both,ChIJFZlnyTKUQIYRcbAlwlI9Fn8
13,'101912015,WALTRIP H S,"1900 W 34th St, Houston, Texas, 77018",'09-12,-95.43289001,29.81732751,Waltrip HS,1/11/22 16:10,'101912015,WALTRIP H S,76,1853,5,200,1534,255,49,65,1353,914,0,1455,2,19,4,344,939,5,0,500,1,945,1853,17,116,HOUSTON ISD,'101912,both,ChIJE5646KrHQIYRsiEw5tiHlPw
14,'101912016,WASHINGTON B T H S,"4204 Yale St, Houston, Texas, 77018",'09-12,-95.39952257,29.824624,Washington HS,1/11/22 16:10,'101912016,WASHINGTON B T H S,31,760,1,156,666,359,22,25,724,339,0,389,7,24,1,197,421,1,0,36,0,519,760,1,9,HOUSTON ISD,'101912,both,ChIJI77eb4HHQIYRfWjEpj9lcE0
15,'101912017,WESTBURY H S,"11911 Chimney Rock Rd, Houston, Texas, 77035",'09-12,-95.48205683,29.64908289,Westbury HS,1/11/22 16:10,'101912017,WESTBURY H S,57,2392,27,333,1915,770,57,56,2185,1181,13,1528,17,167,1,760,1211,3,0,207,2,1484,2392,16,48,HOUSTON ISD,'101912,both,ChIJoe_Cm4vpQIYReOnYdeuNG8U
16,'101912018,WHEATLEY H S,"4801 Providence St, Houston, Texas, 77020",'09-12,-95.32050838,29.7706347,Wheatley HS,1/11/22 16:10,'101912018,WHEATLEY H S,11,783,0,138,623,395,40,24,752,383,0,380,2,35,0,160,400,0,0,31,0,526,783,3,5,HOUSTON ISD,'101912,both,ChIJf1mbe62-QIYR_m5ZzqmGBI8
17,'101912019,WORTHING H S,"9215 Scott St, Houston, Texas, 77051",'09-12,-95.36795272,29.65755662,Worthing HS,1/11/22 16:10,'101912019,WORTHING H S,24,830,3,140,641,590,28,24,790,412,6,224,45,7,1,94,418,0,0,40,0,529,830,4,8,HOUSTON ISD,'101912,both,ChIJ4aq2SROVQIYRX5M1-V9ubQ8
18,'101912020,YATES H S,"3650 Alabama St, Houston, Texas, 77004",'09-12,-95.35285874,29.72424283,Yates HS,1/11/22 16:10,'101912020,YATES H S,23,820,2,152,668,718,45,16,763,441,0,87,12,4,1,35,379,0,0,57,0,494,820,5,7,HOUSTON ISD,'101912,both,ChIJxak8Eau_QIYRtwuZ0mbfsOo
19,'101912023,SHARPSTOWN H S,"7504 Bissonnet St, Houston, Texas, 77074",'09-12,-95.51464466,29.68387328,Sharpstown HS,1/11/22 16:10,'101912023,SHARPSTOWN H S,31,1698,49,375,1469,314,32,24,1524,820,0,1292,19,275,3,874,878,1,0,174,0,1279,1698,8,32,HOUSTON ISD,'101912,both,ChIJ26jEqXzCQIYRGU_XzuRSOeo
20,'101912024,SCARBOROUGH H S,"4141 Costa Rica Rd, Houston, Texas, 77092",'09-12,-95.4698247,29.82970448,Scarborough HS,1/11/22 16:10,'101912024,SCARBOROUGH H S,29,731,2,130,605,137,36,18,693,326,0,566,4,59,1,203,405,0,0,38,1,419,731,5,19,HOUSTON ISD,'101912,both,ChIJ6yMmqnHGQIYR1eY9mMxYWu8
21,'101912025,KINDER H S FOR PERFORMING AND VISUAL ARTS,"790 Austin St, Houston, Texas, 77002",'09-12,-95.36005772,29.75670758,Kinder HSPVA,1/11/22 15:30,'101912025,KINDER H S FOR PERFORMING AND VISU,73,796,73,30,609,137,2,11,136,534,0,215,0,3,3,6,262,0,0,660,2,79,0,41,325,HOUSTON ISD,'101912,both,ChIJMesPUCG_QIYRorB4d1AcRdA
22,'101912026,DEBAKEY H S FOR HEALTH PROF,"2545 Pressler St, Houston, Texas, 77030",'09-12,-95.40748505,29.70492372,DeBakey HS,1/11/22 15:30,'101912026,DEBAKEY H S FOR HEALTH PROF,22,939,282,57,708,158,0,3,403,589,0,348,9,1,5,20,350,1,2,536,4,151,939,19,123,HOUSTON ISD,'101912,both,ChIJ94SCXmzAQIYRLhT79m9hOno
23,'101912027,CHAVEZ H S,"8501 Howard Dr, Houston, Texas, 77017",'09-12,-95.25394593,29.68601247,Chavez HS,1/11/22 16:10,'101912027,CHAVEZ H S,53,2556,112,355,2218,228,26,47,2339,1197,0,2181,20,122,6,705,1359,3,0,217,2,1718,2556,2,25,HOUSTON ISD,'101912,both,ChIJrWexf2K9QIYRmjYwF0NICFQ
24,'101912034,H S FOR LAW AND JUSTICE,"3503 Coyle St, Houston, Texas, 77003",'09-12,-95.34723546,29.73769825,HSLJ,1/11/22 15:40,'101912034,H S FOR LAW AND JUSTICE,12,488,5,35,348,116,0,7,410,315,0,347,18,1,1,25,173,1,0,78,1,168,488,4,14,HOUSTON ISD,'101912,both,ChIJ7cwSaLHAQIYRJUxlgC_MyHI
25,'101912036,WESTSIDE H S,"14201 Briar Forest Dr, Houston, Texas, 77077",'09-12,-95.637691,29.75312498,Westside HS,1/11/22 15:25,'101912036,WESTSIDE H S,132,2864,201,352,2254,851,30,52,1729,1394,0,1287,28,142,9,369,1470,3,0,1135,7,1198,2864,47,462,HOUSTON ISD,'101912,both,ChIJ0dp5FAXcQIYRo7Fmw3qnBEc
26,'101912039,T H ROGERS SCHOOL,"5840 San Felipe St, Houston, Texas, 77057",'EE KG-12,-95.48070449,29.75010817,Rogers T H,1/11/22 15:15,'101912039,T H ROGERS SCHOOL,24,999,475,206,1014,120,1,3,220,474,0,202,4,17,4,63,525,0,0,779,1,130,0,52,145,HOUSTON ISD,'101912,both,ChIJwcGe1OPDQIYRihF9YNQb7oo
27,'101912041,ATTUCKS MIDDLE,"4330 Bellfort Blvd, Houston, Texas, 77051",'06-08,-95.36392488,29.66935276,Attucks MS,1/11/22 16:00,'101912041,ATTUCKS MIDDLE,12,461,3,79,291,305,25,20,443,207,0,135,19,5,0,81,254,0,0,18,1,221,461,8,9,HOUSTON ISD,'101912,both,ChIJITGxX2WVQIYRrzpVDoPIcv4
28,'101912042,BLACK MIDDLE,"1575 Chantilly Ln, Houston, Texas, 77018",'06-08,-95.44036524,29.82946606,Black MS,1/11/22 16:00,'101912042,BLACK MIDDLE,101,1358,12,84,895,191,9,75,690,664,0,819,12,34,2,251,694,2,6,668,0,344,1358,35,299,HOUSTON ISD,'101912,both,ChIJJzSRkE3GQIYRfFlTtsByx6Y
29,'101912043,BURBANK MIDDLE,"315 Berry Rd, Houston, Texas, 77022",'06-08,-95.37063787,29.83759181,Burbank MS,1/11/22 16:00,'101912043,BURBANK MIDDLE,69,1504,1,81,1053,80,13,71,1409,767,0,1406,241,28,3,605,737,3,0,95,0,885,1504,1,13,HOUSTON ISD,'101912,both,ChIJG5g7lkG4QIYRjW1fG0-cWUE
30,'101912044,CULLEN MIDDLE,"6900 Scott St, Houston, Texas, 77021",'06-08,-95.36287597,29.69076911,Cullen MS,1/11/22 16:00,'101912044,CULLEN MIDDLE,13,360,3,83,251,293,37,14,352,154,2,60,8,9,0,29,206,1,0,8,0,143,360,0,4,HOUSTON ISD,'101912,both,ChIJGSiwmNq_QIYR-g9qOTyxjjU
31,'101912045,DEADY MIDDLE,"2500 Broadway St, Houston, Texas, 77012",'06-08,-95.2779854,29.70452491,Deady MS,1/11/22 16:00,'101912045,DEADY MIDDLE,16,648,1,77,467,10,41,22,627,318,0,636,15,47,0,353,330,2,0,21,0,404,648,0,1,HOUSTON ISD,'101912,both,ChIJwbxZgpe9QIYRZiTOdWGoGTI
32,'101912046,EDISON MIDDLE,"6901 Avenue I, Houston, Texas, 77011",'06-08,-95.29922698,29.741759,Edison MS,1/11/22 16:00,'101912046,EDISON MIDDLE,17,614,0,51,454,3,21,29,593,253,0,603,14,24,1,311,361,2,0,21,0,397,614,1,6,HOUSTON ISD,'101912,both,ChIJCW2jEyW8QIYRYLb_sTkA9WY
33,'101912047,FONVILLE MIDDLE,"725 E Little York Rd, Houston, Texas, 77076",'06-08,-95.38938014,29.87006875,Fonville MS,1/11/22 16:00,'101912047,FONVILLE MIDDLE,29,758,0,86,506,42,25,36,748,351,0,692,2,49,4,429,407,2,0,10,0,512,758,2,18,HOUSTON ISD,'101912,both,ChIJL2paeou3QIYRP4-jcB_WIig
34,'101912048,CLIFTON MIDDLE,"6001 Golden Forest Dr, Houston, Texas, 77092",'06-08,-95.478951,29.84352251,Clifton MS,1/11/22 16:00,'101912048,CLIFTON MIDDLE,18,564,6,70,391,87,18,16,559,309,0,446,11,39,2,232,255,1,0,5,0,431,564,6,17,HOUSTON ISD,'101912,both,ChIJA17kf6TFQIYRaSAKbQ9SmRE
35,'101912049,HAMILTON MIDDLE,"139 E 20th St, Houston, Texas, 77008",'06-08,-95.39832111,29.80399496,Hamilton MS,1/11/22 16:00,'101912049,HAMILTON MIDDLE,33,1057,4,70,773,85,4,40,857,499,0,927,14,7,0,246,558,1,4,200,1,355,1057,3,37,HOUSTON ISD,'101912,both,ChIJCQbPaGPHQIYRFGlhKyaUacM
36,'101912050,HOLLAND MIDDLE,"1600 Gellhorn Dr, Houston, Texas, 77029",'06-08,-95.27275584,29.76291647,Holland MS,1/11/22 16:00,'101912050,HOLLAND MIDDLE,17,638,0,72,435,119,26,27,634,312,0,502,0,30,0,283,326,1,0,4,0,476,638,3,14,HOUSTON ISD,'101912,both,ChIJudygaWO8QIYRr8D1z5HdNG4
37,'101912051,HARTMAN MIDDLE,"7111 Westover St, Houston, Texas, 77087",'06-08,-95.30110579,29.67271068,Hartman MS,1/11/22 16:00,'101912051,HARTMAN MIDDLE,30,1168,0,109,865,274,9,31,1135,569,0,884,0,35,1,460,599,0,0,33,0,603,1168,0,9,HOUSTON ISD,'101912,both,ChIJ73wgCQWWQIYRek01Vs-KwCI
38,'101912052,HENRY MIDDLE,"10702 E Hardy Rd, Houston, Texas, 77093",'06-08,-95.36393938,29.86871734,Henry MS,1/11/22 16:00,'101912052,HENRY MIDDLE,32,789,0,70,553,78,26,42,747,372,0,693,0,31,0,354,417,1,0,42,1,629,789,0,17,HOUSTON ISD,'101912,both,ChIJKXChhIi3QIYRMdYz_bqxcRM
39,'101912053,HOGG MIDDLE,"1100 Merrill St, Houston, Texas, 77009",'06-08,-95.38605696,29.7888575,Hogg MS,1/11/22 16:00,'101912053,HOGG MIDDLE,102,1030,21,51,717,52,3,73,519,516,0,703,20,6,4,144,514,1,0,511,0,523,1030,28,222,HOUSTON ISD,'101912,both,ChIJwaWZh6S4QIYR1q-Lk8Bs-Cg
40,'101912054,NAVARRO MIDDLE,"5100 Polk St, Houston, Texas, 77023",'06-08,-95.325806,29.73594393,Navarro MS,1/11/22 16:00,'101912054,NAVARRO MIDDLE,27,628,0,73,461,50,9,39,597,303,0,568,8,35,0,298,325,0,0,31,0,503,628,2,8,HOUSTON ISD,'101912,both,ChIJjZ4Wr46-QIYRPP3-beX--3M
41,'101912055,MEYERLAND MIDDLE,"10410 Manhattan Dr, Houston, Texas, 77096",'06-08,-95.47323462,29.66898073,Meyerland MS,1/11/22 16:00,'101912055,MEYERLAND MIDDLE,88,1341,20,87,961,400,22,50,861,748,0,747,15,19,1,281,593,2,0,480,1,377,1341,20,152,HOUSTON ISD,'101912,both,ChIJ8_yY_wPqQIYRyTjM8nxE3hM
42,'101912056,WELCH MIDDLE,"11544 S Gessner Rd, Houston, Texas, 77071",'06-08,-95.53458697,29.65302302,Welch MS,1/11/22 16:00,'101912056,WELCH MIDDLE,19,682,11,110,441,278,4,23,670,315,6,376,33,68,2,272,367,3,0,12,0,631,682,2,13,HOUSTON ISD,'101912,both,ChIJuScArzfoQIYRegVaNGx8A-k
43,'101912057,LANIER MIDDLE,"2600 Woodhead St, Houston, Texas, 77098",'06-08,-95.40460746,29.74190937,Lanier MS,1/11/22 16:00,'101912057,LANIER MIDDLE,127,1411,297,82,953,176,3,54,320,725,0,407,0,27,3,104,686,0,0,1091,1,145,1,96,431,HOUSTON ISD,'101912,both,ChIJGem6XXHBQIYRjaBzBqHMBZI
44,'101912058,GREGORY-LINCOLN ED CTR,"1101 Taft St, Houston, Texas, 77019",'EE-08,-95.38572051,29.75616803,Gregory-Lincoln PK-8,1/11/22 16:00,'101912058,GREGORY-LINCOLN ED CTR,19,664,4,117,634,419,4,12,592,376,0,204,2,3,2,99,288,0,0,72,1,192,664,7,27,HOUSTON ISD,'101912,both,ChIJkdhBD1u_QIYR1Kl24tVZ-og
45,'101912059,LONG ACADEMY,"6501 Bellaire Blvd, Houston, Texas, 77074",'06-12,-95.49847882,29.70527609,Long Acad,1/11/22 16:10,'101912059,LONG ACADEMY,24,921,79,363,911,121,32,14,908,451,0,687,11,110,2,555,470,3,0,13,0,634,921,3,29,HOUSTON ISD,'101912,both,ChIJ0R1PujjCQIYRe3RoTtjJuyw
46,'101912060,REVERE MIDDLE,"10502 Briar Forest Dr, Houston, Texas, 77042",'06-08,-95.56060138,29.74755052,Revere MS,1/11/22 16:00,'101912060,REVERE MIDDLE,44,1115,51,198,827,313,24,29,954,483,1,651,5,98,5,463,632,1,0,161,1,528,1115,8,86,HOUSTON ISD,'101912,both,ChIJiTDco0zDQIYRtgBw4noBP9Q
47,'101912061,MARSHALL MIDDLE,"1115 Noble St, Houston, Texas, 77009",'06-08,-95.35628654,29.78045523,Marshall MS,1/11/22 16:00,'101912061,MARSHALL MIDDLE,16,682,0,62,496,99,7,25,656,335,0,570,37,15,1,241,347,0,0,26,0,341,682,2,10,HOUSTON ISD,'101912,both,ChIJbyDxLNe4QIYRWERYdrcYms8
48,'101912062,MCREYNOLDS MIDDLE,"5910 Market St, Houston, Texas, 77020",'06-08,-95.31218298,29.76825,McReynolds MS,1/11/22 16:00,'101912062,MCREYNOLDS MIDDLE,20,494,0,72,363,128,8,28,482,253,0,361,1,13,1,152,241,0,0,12,0,238,494,1,3,HOUSTON ISD,'101912,both,ChIJ56TFPKq-QIYR3LCGAXIxp3g
49,'101912064,PERSHING MIDDLE,"3838 Blue Bonnet Blvd, Houston, Texas, 77025",'06-08,-95.43838904,29.70113749,Pershing MS,1/11/22 16:00,'101912064,PERSHING MIDDLE,146,1714,113,150,1230,548,27,95,852,871,1,696,16,26,3,239,843,0,0,862,0,774,1714,31,323,HOUSTON ISD,'101912,both,ChIJCdKeZLXBQIYRcj-EsgC0rbs
50,'101912068,TANGLEWOOD MIDDLE,"5215 San Felipe St, Houston, Texas, 77056",'06-08,-95.46902397,29.75007255,Tanglewood MS,1/11/22 16:00,'101912068,TANGLEWOOD MIDDLE,70,891,72,92,597,137,5,36,554,415,0,464,1,43,2,169,476,1,0,337,1,254,891,27,188,HOUSTON ISD,'101912,both,ChIJ3SvW3FzBQIYR35VJ8iCJD3A
52,'101912071,PROJECT CHRYSALIS MIDDLE,"4528 Leeland St, Houston, Texas, 77023",'06-08,-95.33348173,29.73554206,Chrysalis MS,1/11/22 15:00,'101912071,PROJECT CHRYSALIS MIDDLE,9,284,6,10,191,4,0,2,217,156,0,268,0,2,0,49,128,0,0,67,0,53,284,0,6,HOUSTON ISD,'101912,both,ChIJRzBsfPO-QIYRtuTsNN6v2Ns
53,'101912072,FONDREN MIDDLE,"6333 S Braeswood Blvd, Houston, Texas, 77096",'06-08,-95.50431556,29.6761849,Fondren MS,1/11/22 16:00,'101912072,FONDREN MIDDLE,31,1082,19,125,731,345,17,21,1001,536,0,690,55,106,3,530,546,0,2,81,1,653,1082,10,14,HOUSTON ISD,'101912,both,ChIJd-uq2XXCQIYRlS29NhK0Sr0
54,'101912075,LAWSON MIDDLE,"14000 Stancliff St, Houston, Texas, 77045",'06-08,-95.45398248,29.62167801,Lawson MS,1/11/22 16:00,'101912075,LAWSON MIDDLE,44,1383,4,102,893,513,19,55,1326,646,5,836,47,29,2,462,737,1,0,57,0,693,1383,11,17,HOUSTON ISD,'101912,both,ChIJQQ_rcrfrQIYRXeNChw82wto
55,'101912077,THOMAS MIDDLE,"5655 Selinsky Rd, Houston, Texas, 77048",'06-08,-95.33240239,29.63762211,Thomas MS,1/11/22 16:00,'101912077,THOMAS MIDDLE,23,602,3,93,362,397,41,25,564,299,1,192,0,6,2,99,303,0,0,38,0,246,602,4,4,HOUSTON ISD,'101912,both,ChIJGXHeGrWVQIYRNVaJOAaDiPs
56,'101912078,FLEMING MIDDLE,"4910 Collingsworth St, Houston, Texas, 77026",'06-08,-95.32070938,29.79355086,Fleming MS,1/11/22 16:00,'101912078,FLEMING MIDDLE,15,412,0,47,284,258,32,14,389,196,0,151,0,6,1,81,216,1,0,23,0,320,412,2,0,HOUSTON ISD,'101912,both,ChIJ_RupNkO5QIYRNaQeZHOsAVo
57,'101912079,KEY MIDDLE,"4000 Kelley St, Houston, Texas, 77026",'06-08,-95.33033172,29.81323123,Key MS,1/11/22 16:00,'101912079,KEY MIDDLE,29,648,1,97,434,339,15,27,624,306,1,286,2,18,3,166,342,2,0,24,0,279,648,4,15,HOUSTON ISD,'101912,both,ChIJqyYjJ3O5QIYRQUldbX1lLxs
58,'101912080,RICE SCH /LA ESCUELA RICE,"7550 Seuss Dr, Houston, Texas, 77025",'KG-08,-95.41970804,29.6979291,Rice School PK-8,1/11/22 16:00,'101912080,RICE SCH /LA ESCUELA RICE,25,1135,46,97,980,492,0,32,694,553,0,549,1,11,0,245,582,2,0,441,1,290,1135,17,30,HOUSTON ISD,'101912,both,ChIJezbwLjnAQIYRsm0uHd_aJDA
59,'101912081,SHARPSTOWN INTERNATIONAL SCHOOL,"8330 Triola Ln, Houston, Texas, 77036",'06-12,-95.53165699,29.69784755,Sharpstown Intl,1/11/22 16:10,'101912081,SHARPSTOWN INTERNATIONAL SCHOOL,41,1268,113,88,1113,83,12,13,1204,658,0,1042,24,24,2,315,610,0,0,64,1,559,1268,2,25,HOUSTON ISD,'101912,both,ChIJMRjAPu3CQIYRN1g4gRlWGXw
60,'101912082,WILLIAMS MIDDLE,"6100 Knox St, Houston, Texas, 77091",'06-08,-95.42308746,29.85336701,Williams MS,1/11/22 16:00,'101912082,WILLIAMS MIDDLE,12,491,1,50,301,224,27,18,485,224,0,254,12,10,2,169,267,2,0,6,0,234,491,3,7,HOUSTON ISD,'101912,both,ChIJWQJy_NrHQIYREunrQhPttMU
61,'101912097,HCC LIFE SKILLS PROGRAM,"1301 Alabama St, Houston, Texas, 77004",'12,-95.37707341,29.73615779,HCC Lifeskills,1/11/22 15:30,'101912097,HCC LIFE SKILLS PROGRAM,0,83,3,0,12,28,0,0,56,33,0,42,0,0,0,1,50,0,0,27,0,83,0,2,8,HOUSTON ISD,'101912,both,ChIJQ0InFnK_QIYRi4hRMKe-nTM
62,'101912098,STEVENSON MIDDLE,"9595 Winkler Dr, Houston, Texas, 77017",'06-08,-95.24481703,29.6701775,Stevenson MS,1/11/22 16:00,'101912098,STEVENSON MIDDLE,58,1400,58,85,968,63,40,48,1272,666,0,1261,26,33,0,530,734,0,0,128,1,844,1400,4,13,HOUSTON ISD,'101912,both,ChIJlVKgze6XQIYRxvW6Iyr---Q
63,'101912099,WEST BRIAR MIDDLE,"13733 Brimhurst Dr, Houston, Texas, 77077",'06-08,-95.62939459,29.76184619,West Briar MS,1/11/22 16:00,'101912099,WEST BRIAR MIDDLE,67,1130,91,142,793,386,18,30,733,556,2,425,5,70,3,204,574,0,0,397,0,276,1130,34,191,HOUSTON ISD,'101912,both,ChIJa0Ku0PfbQIYR5AXXU6dCp1U
64,'101912100,TEXAS CONNECTIONS ACADEMY AT HOUSTON,"10550 Richmond Ave, Houston, Texas, 77042",'03-12,-95.56220811,29.72782278,TCAH,1/11/22 16:00,'101912100,TEXAS CONNECTIONS ACADEMY AT HOUST,735,8020,366,2340,5657,1049,0,221,3032,4588,5,2055,50,2,75,97,3432,1,489,4988,41,1809,8020,380,4054,HOUSTON ISD,'101912,both,ChIJY23sy9LcQIYRj5NQxDMeDrY
65,'101912102,ALCOTT EL,"5859 Bellfort St, Houston, Texas, 77033",'EE-05,-95.32962899,29.66661431,Alcott ES,1/11/22 15:00,'101912102,ALCOTT EL,1,202,0,50,189,127,0,3,199,92,0,70,8,7,0,52,110,3,0,3,0,102,202,5,0,HOUSTON ISD,'101912,both,ChIJY3O44eyVQIYRkd7gUx2R1cU
66,'101912104,ALMEDA EL,"14249 Bridgeport Rd, Houston, Texas, 77047",'EE-05,-95.41940244,29.60018501,Almeda ES,1/11/22 15:00,'101912104,ALMEDA EL,19,821,4,111,720,198,0,3,775,397,1,603,0,10,1,388,424,0,0,46,0,480,821,4,11,HOUSTON ISD,'101912,both,ChIJU8Zw5GjrQIYR2FRxWs7nLmM
67,'101912105,ANDERSON EL,"5727 Ludington Dr, Houston, Texas, 77035",'EE-05,-95.48763381,29.64929504,Anderson ES,1/11/22 15:00,'101912105,ANDERSON EL,10,681,11,144,635,129,0,9,562,311,0,525,0,38,0,300,370,3,0,119,1,429,681,3,12,HOUSTON ISD,'101912,both,ChIJEza6443pQIYR38BS3Xn8zOA
68,'101912106,ATHERTON EL,"2011 Solo St, Houston, Texas, 77020",'EE-05,-95.32112295,29.7797729,Atherton ES,1/11/22 15:00,'101912106,ATHERTON EL,11,486,0,91,475,362,0,8,486,228,0,114,0,10,0,45,258,1,0,0,0,148,486,5,5,HOUSTON ISD,'101912,both,ChIJ-UwU8025QIYRMHCmAsROrjg
69,'101912107,BARRICK EL,"12001 Winfrey Ln, Houston, Texas, 77076",'EE-05,-95.36974435,29.8747402,Barrick ES,1/11/22 15:00,'101912107,BARRICK EL,27,549,2,92,525,10,0,18,524,272,0,529,0,19,0,320,277,0,0,25,0,379,549,2,6,HOUSTON ISD,'101912,both,ChIJCyOuB423QIYRYerLRb56eYM
70,'101912108,BASTIAN EL,"5051 Bellfort St, Houston, Texas, 77033",'EE-05,-95.34944079,29.66694946,Bastian ES,1/11/22 15:00,'101912108,BASTIAN EL,9,580,0,157,589,366,0,5,575,286,1,201,25,18,0,162,294,0,0,5,0,276,580,11,2,HOUSTON ISD,'101912,both,ChIJ3erK-ZyVQIYRlTcSd9kq0cM
71,'101912109,BERRY EL,"2310 Berry Rd, Houston, Texas, 77093",'EE-05,-95.35036439,29.83767919,Berry ES,1/11/22 15:00,'101912109,BERRY EL,22,764,4,105,702,38,0,41,748,379,0,709,12,33,0,414,385,0,0,16,0,548,764,1,12,HOUSTON ISD,'101912,both,ChIJtbgRe7S5QIYRm_sV831Ql9Y
72,'101912110,BLACKSHEAR EL,"2900 Holman St, Houston, Texas, 77004",'EE-05,-95.36196536,29.72981768,Blackshear ES,1/11/22 15:00,'101912110,BLACKSHEAR EL,6,342,2,115,364,292,0,6,331,170,0,44,1,0,0,23,172,0,0,11,0,138,342,2,2,HOUSTON ISD,'101912,both,ChIJ5cep0ge_QIYRKEZH5cP3Yhg
73,'101912111,BONHAM EL,"8302 Braes River Dr, Houston, Texas, 77074",'EE-05,-95.51881332,29.68797635,Bonham ES,1/11/22 15:00,'101912111,BONHAM EL,5,842,11,227,837,111,2,2,828,403,0,710,0,141,0,603,439,5,0,14,0,664,842,2,8,HOUSTON ISD,'101912,both,ChIJARpgnmLCQIYRQNePGiwfTrs
74,'101912112,BONNER EL,"8100 Elrod St, Houston, Texas, 77017",'EE-05,-95.26068523,29.6769083,Bonner ES,1/11/22 15:00,'101912112,BONNER EL,11,683,5,84,648,11,0,14,664,336,0,653,0,30,2,454,347,0,0,19,0,517,683,2,10,HOUSTON ISD,'101912,both,ChIJnwpu-tCXQIYRCdTW8G2LnMo
75,'101912113,RODERICK R PAIGE EL,"7501 Curry Rd, Houston, Texas, 77093",'EE-05,-95.33775122,29.82705123,Paige ES,1/11/22 15:00,'101912113,RODERICK R PAIGE EL,9,429,0,98,396,143,0,15,424,195,0,284,0,28,0,185,234,1,0,5,0,281,429,0,2,HOUSTON ISD,'101912,both,ChIJAQGjy6W5QIYRLcPmKsZbC_A
76,'101912114,BRAEBURN EL,"5550 Pine St, Houston, Texas, 77081",'EE-05,-95.48781586,29.69464734,Braeburn ES,1/11/22 15:00,'101912114,BRAEBURN EL,6,751,10,56,501,90,0,13,733,369,0,626,33,97,0,573,382,0,0,18,0,660,751,11,14,HOUSTON ISD,'101912,both,ChIJqUyl0xnCQIYRq08ire5g4oo
77,'101912115,DURHAM EL,"4803 Brinkman St, Houston, Texas, 77018",'EE-05,-95.4163075,29.83560907,Durham ES,1/11/22 15:00,'101912115,DURHAM EL,17,565,2,86,545,57,0,17,355,278,0,362,0,13,0,186,287,0,0,210,0,284,565,9,135,HOUSTON ISD,'101912,both,ChIJichWWL7HQIYRIBNk-5dKLmY
78,'101912116,BRIARGROVE EL,"6145 San Felipe St, Houston, Texas, 77057",'EE KG-05,-95.49087778,29.74982478,Briargrove ES,1/11/22 15:00,'101912116,BRIARGROVE EL,34,800,175,212,760,104,0,20,340,393,0,227,5,120,3,198,407,0,0,460,0,270,0,37,254,HOUSTON ISD,'101912,both,ChIJX0N_IenDQIYRP0fnHV_X46I
79,'101912117,BRISCOE EL,"321 Forest Hill Blvd, Houston, Texas, 77011",'EE-05,-95.2987125,29.73036426,Briscoe ES,1/11/22 15:00,'101912117,BRISCOE EL,4,230,1,49,231,0,0,8,218,107,0,226,9,8,1,116,123,0,0,12,0,164,230,0,2,HOUSTON ISD,'101912,both,ChIJNw5PlTK8QIYRyiRfma3tmTE
80,'101912119,BROOKLINE EL,"6301 S Loop Fwy E, Houston, Texas, 77087",'EE-05,-95.31472207,29.69720835,Brookline ES,1/11/22 15:00,'101912119,BROOKLINE EL,4,774,1,102,755,22,0,4,759,403,0,740,5,69,0,520,371,2,0,15,0,599,774,0,11,HOUSTON ISD,'101912,both,ChIJSxMoKg--QIYRB1HC7w73l3A
81,'101912120,BROWNING EL,"607 Northwood St, Houston, Texas, 77009",'EE-05,-95.37801754,29.79699302,Browning ES,1/11/22 15:00,'101912120,BROWNING EL,6,443,0,81,469,8,0,11,399,233,0,428,0,17,0,211,210,0,0,44,0,302,443,0,7,HOUSTON ISD,'101912,both,ChIJzwE8cpa4QIYRJ5DzGHvVrFo
82,'101912121,BRUCE EL,"510 Jensen Dr, Houston, Texas, 77020",'EE-05,-95.34298504,29.7666683,Bruce ES,1/11/22 15:00,'101912121,BRUCE EL,3,395,3,75,367,277,0,7,380,199,0,111,8,4,0,51,196,0,0,15,0,135,393,3,1,HOUSTON ISD,'101912,both,ChIJGxdvv9G-QIYRQSpVcSmiFjA
83,'101912122,BURBANK EL,"216 Tidwell Rd, Houston, Texas, 77022",'EE-05,-95.37305697,29.84554251,Burbank ES,1/11/22 15:00,'101912122,BURBANK EL,32,842,4,110,766,95,1,36,824,434,0,727,0,20,2,438,408,0,0,18,0,579,842,0,14,HOUSTON ISD,'101912,both,ChIJ8_vtfRW4QIYRubwHsy4sVnI
84,'101912123,CODWELL EL,"5225 Tavenor Ln, Houston, Texas, 77048",'EE-05,-95.34569567,29.63347826,Codwell ES,1/11/22 15:00,'101912123,CODWELL EL,8,358,0,52,331,322,0,10,324,189,7,26,0,0,1,10,169,0,0,34,2,93,358,1,6,HOUSTON ISD,'101912,both,ChIJJal3alOUQIYRvlpylCzFIEs
85,'101912124,BURNET EL,"5403 Canal St, Houston, Texas, 77011",'EE KG-05,-95.31852648,29.74545873,Burnet ES,1/11/22 15:00,'101912124,BURNET EL,8,414,1,50,368,3,0,5,382,207,0,403,1,15,0,255,207,0,0,32,0,292,414,0,7,HOUSTON ISD,'101912,both,ChIJNc5zh5m-QIYRvVyhcnsLrEg
86,'101912125,BURRUS EL,"701 E 33rd St, Houston, Texas, 77022",'EE-05,-95.39024716,29.81648128,Burrus ES,1/11/22 15:00,'101912125,BURRUS EL,8,311,0,74,319,205,0,3,307,157,0,97,2,7,0,37,154,0,0,4,0,128,311,1,8,HOUSTON ISD,'101912,both,ChIJtdADl4C4QIYRdS2XscgYonw
87,'101912127,WOODSON SCHOOL,"10720 Southview St, Houston, Texas, 77047",'EE-05,-95.36533757,29.64293766,Woodson,1/11/22 15:00,'101912127,WOODSON SCHOOL,14,621,2,190,604,552,1,17,615,307,11,60,72,4,1,41,314,0,0,6,1,295,621,4,1,HOUSTON ISD,'101912,both,ChIJQVR1VBqVQIYRKygfek6cHsA
88,'101912128,LYONS EL,"800 Roxella St, Houston, Texas, 77076",'EE-05,-95.36660223,29.85644133,Lyons ES,1/11/22 15:00,'101912128,LYONS EL,22,904,0,108,837,12,0,14,857,451,1,876,18,33,0,435,453,0,0,47,0,576,904,1,15,HOUSTON ISD,'101912,both,ChIJASp9iyS4QIYRwLQRRcSBUrQ
89,'101912130,CONDIT EL,"7000 S 3rd St, Bellaire, Texas, 77401",'EE-05,-95.46679749,29.70245399,Condit ES,1/11/22 15:00,'101912130,CONDIT EL,30,726,160,135,664,51,0,16,270,362,0,242,3,47,1,194,364,0,0,456,0,233,141,35,237,HOUSTON ISD,'101912,both,ChIJ56y3B5LBQIYR_hQlzkh72k4
90,'101912131,HALPIN EARLY CHILDHOOD CTR,"10901 Sandpiper Dr, Houston, Texas, 77096",'EE-KG,-95.50326447,29.66163027,Halpin ECC,1/11/22 15:00,'101912131,HALPIN EARLY CHILDHOOD CTR,0,347,7,94,263,103,0,0,342,162,0,226,33,23,1,181,185,0,0,5,0,270,347,4,6,HOUSTON ISD,'101912,both,ChIJKw-QFcPpQIYRRNSVqEeCaa4
91,'101912132,COOP EL,"10130 Aldine Westfield Rd, Houston, Texas, 77093",'EE-05,-95.34983834,29.85857536,Coop ES,1/11/22 15:00,'101912132,COOP EL,13,617,0,147,627,63,0,24,597,308,0,543,0,19,0,305,309,0,0,20,0,376,617,2,9,HOUSTON ISD,'101912,both,ChIJpahdvdO5QIYRiKWd2QxOJ2I
92,'101912133,CORNELIUS EL,"7475 Westover St, Houston, Texas, 77087",'EE-05,-95.29356702,29.67719123,Cornelius ES,1/11/22 15:00,'101912133,CORNELIUS EL,18,804,5,79,731,114,0,11,742,413,0,672,18,25,1,386,391,0,0,62,0,490,804,6,6,HOUSTON ISD,'101912,both,ChIJjzj_qx6WQIYRuLXwKBmiEIY
93,'101912135,CROCKETT EL,"2112 Crockett St, Houston, Texas, 77007",'EE-05,-95.38021603,29.77369749,Crockett ES,1/11/22 15:00,'101912135,CROCKETT EL,14,555,18,45,475,67,1,7,376,283,0,408,5,11,0,150,272,0,1,179,2,219,555,16,44,HOUSTON ISD,'101912,both,ChIJhyDhFLO4QIYRd5R5VVZF3cg
94,'101912136,CUNNINGHAM EL,"5100 Gulfton St, Houston, Texas, 77081",'EE-05,-95.4687239,29.71665444,Cunningham ES,1/11/22 15:00,'101912136,CUNNINGHAM EL,8,585,15,169,604,93,0,10,562,285,0,455,3,75,1,397,300,0,0,23,0,457,585,1,20,HOUSTON ISD,'101912,both,ChIJ1cLtb4PBQIYR_7DmZiWYW6Q
95,'101912137,DE CHAUMES EL,"155 Cooper Rd, Houston, Texas, 77076",'EE-05,-95.37701004,29.8601626,De Chaumes ES,1/11/22 15:00,'101912137,DE CHAUMES EL,17,760,0,97,713,8,0,22,733,361,0,748,0,20,0,424,399,2,0,27,0,510,760,0,4,HOUSTON ISD,'101912,both,ChIJ6WTKGRy4QIYRwU2xk8GOl-4
96,'101912138,DE ZAVALA EL,"7521 Avenue H, Houston, Texas, 77012",'EE-05,-95.28911799,29.73702155,DeZavala ES,1/11/22 15:00,'101912138,DE ZAVALA EL,7,518,2,78,497,8,0,6,501,261,0,506,2,12,0,251,257,1,0,17,0,318,518,0,2,HOUSTON ISD,'101912,both,ChIJ8f67JDa8QIYRnrEX-jtGByA
97,'101912140,DOGAN EL,"4202 Liberty Rd, Houston, Texas, 77026",'EE-05,-95.32852509,29.78577581,Dogan ES,1/11/22 15:00,'101912140,DOGAN EL,1,554,0,79,544,156,0,6,542,271,0,387,2,11,0,208,283,0,0,12,0,338,554,5,6,HOUSTON ISD,'101912,both,ChIJkwa4ZEi5QIYRQGb8mvaRmfM
98,'101912144,DURKEE EL,"7301 Nordling Rd, Houston, Texas, 77076",'EE-05,-95.39121376,29.86667727,Durkee ES,1/11/22 15:00,'101912144,DURKEE EL,7,487,1,110,468,45,0,15,466,231,0,424,2,31,1,294,256,0,0,21,0,333,487,4,12,HOUSTON ISD,'101912,both,ChIJ08vgt_-3QIYRiDGvsSu8zUc
99,'101912147,ELIOT EL,"6411 Laredo St, Houston, Texas, 77020",'EE-05,-95.30652821,29.78086158,Eliot ES,1/11/22 15:00,'101912147,ELIOT EL,23,573,2,61,532,3,0,17,541,294,0,563,39,23,0,301,279,0,0,32,0,393,573,0,5,HOUSTON ISD,'101912,both,ChIJGTPxH_y7QIYRFprQ02pZu-I
100,'101912148,ELROD EL,"6230 Dumfries Dr, Houston, Texas, 77096",'EE-05,-95.50161265,29.67097521,Elrod ES,1/11/22 15:00,'101912148,ELROD EL,20,716,22,121,673,162,0,15,703,330,0,519,9,84,3,428,386,0,1,13,0,514,716,1,9,HOUSTON ISD,'101912,both,ChIJrUjK_t7pQIYRkwPfz0OzOYU
101,'101912149,EMERSON EL,"9533 Skyline Dr, Houston, Texas, 77063",'EE-05,-95.5339445,29.72714029,Emerson ES,1/11/22 15:00,'101912149,EMERSON EL,22,917,82,151,817,142,0,18,867,455,0,589,36,131,1,644,462,3,0,50,3,710,917,3,97,HOUSTON ISD,'101912,both,ChIJPQY0khvDQIYRUmmQ9Z422Yo
102,'101912151,BELL EL,"12323 Shaftsbury Dr, Houston, Texas, 77031",'EE-05,-95.54975335,29.64423719,Bell ES,1/11/22 15:00,'101912151,BELL EL,7,613,8,119,609,171,0,4,542,275,0,407,0,59,2,329,338,3,0,71,0,382,613,7,18,HOUSTON ISD,'101912,both,ChIJ84o6em7oQIYRmfwDu3IFZ5Q
103,'101912152,FIELD EL,"703 E 17th St, Houston, Texas, 77008",'EE-05,-95.38876775,29.80072229,Field ES,1/11/22 15:00,'101912152,FIELD EL,7,431,10,44,358,14,0,22,287,213,0,324,0,2,1,56,218,0,0,144,0,169,431,7,75,HOUSTON ISD,'101912,both,ChIJHZb1gp64QIYRy2gZkULwdRk
104,'101912153,FONDREN EL,"12405 Carlsbad St, Houston, Texas, 77085",'EE-05,-95.49909254,29.628162,Fondren ES,1/11/22 15:00,'101912153,FONDREN EL,4,314,2,38,267,84,0,8,309,139,0,225,19,13,0,152,175,0,0,5,0,210,314,0,3,HOUSTON ISD,'101912,both,ChIJrX0GTnXpQIYR4wRV2pDAu40
105,'101912154,FOSTER EL,"3919 Ward St, Houston, Texas, 77021",'EE-05,-95.36018697,29.69156137,Foster ES,1/11/22 15:00,'101912154,FOSTER EL,7,378,1,124,409,342,0,4,377,178,0,31,0,0,0,14,200,0,0,1,1,152,378,2,1,HOUSTON ISD,'101912,both,ChIJLX821s-_QIYR4EPEWgoOdBk
106,'101912155,FRANKLIN EL,"7101 Canal St, Houston, Texas, 77011",'EE-05,-95.29717384,29.73870128,Franklin ES,1/11/22 15:00,'101912155,FRANKLIN EL,1,333,0,63,341,7,0,9,328,156,0,325,3,19,0,217,177,3,0,5,0,260,333,0,1,HOUSTON ISD,'101912,both,ChIJyYiSWzC8QIYRCzHHqlAvcZY
107,'101912156,FROST EL,"5002 Almeda Genoa Rd, Houston, Texas, 77048",'EE-05,-95.33640198,29.62093256,Frost ES,1/11/22 15:00,'101912156,FROST EL,1,518,2,175,530,362,0,9,513,247,4,144,5,6,0,101,271,1,0,5,0,227,518,8,2,HOUSTON ISD,'101912,both,ChIJrdDyPrWVQIYRT-pxJ54XWlU
108,'101912157,GARDEN OAKS MONTESSORI,"901 Sue Barnett Dr, Houston, Texas, 77018",'EE-08,-95.41309464,29.82215566,Garden Oaks,1/11/22 16:00,'101912157,GARDEN OAKS MONTESSORI,75,812,35,143,799,45,0,60,344,366,1,435,2,8,3,179,446,3,1,468,2,252,812,42,250,HOUSTON ISD,'101912,both,ChIJg5cqtZjHQIYR_4VWw7uO8_s
109,'101912158,GARDEN VILLAS EL,"7185 Santa Fe Dr, Houston, Texas, 77061",'EE-05,-95.30492978,29.66034792,Garden Villas ES,1/11/22 15:00,'101912158,GARDEN VILLAS EL,6,503,0,92,492,119,0,5,455,259,0,375,2,11,1,195,244,0,0,48,0,252,503,2,6,HOUSTON ISD,'101912,both,ChIJ8wDrlQyWQIYRTRTGuEdZgJY
110,'101912159,GOLFCREST EL,"7414 Fairway Dr, Houston, Texas, 77087",'EE-05,-95.29471257,29.68922437,Golfcrest ES,1/11/22 15:00,'101912159,GOLFCREST EL,4,478,0,119,510,17,0,9,468,242,0,457,0,35,0,299,236,0,0,10,0,360,478,1,3,HOUSTON ISD,'101912,both,ChIJgaYHsfa9QIYRS8_UgeCg6Iw
111,'101912162,GREGG EL,"6701 Roxbury Rd, Houston, Texas, 77087",'EE-05,-95.30831967,29.67274601,Gregg ES,1/11/22 15:00,'101912162,GREGG EL,5,386,0,82,387,79,0,12,366,189,0,301,0,2,0,202,197,0,0,20,1,268,386,2,3,HOUSTON ISD,'101912,both,ChIJO3259geWQIYRf2sM3mAen_A
112,'101912163,SUGAR GROVE ACADEMY,"8405 Bonhomme Rd, Houston, Texas, 77074",'06-08,-95.51373992,29.68748412,Sugar Grove MS,1/11/22 16:00,'101912163,SUGAR GROVE ACADEMY,4,687,32,118,502,97,53,6,680,311,0,543,19,107,4,464,376,0,0,7,1,543,687,1,9,HOUSTON ISD,'101912,both,ChIJ6yietGTCQIYRspfbSNQe1fo
113,'101912166,HARRIS J R EL,"801 Broadway St, Houston, Texas, 77012",'EE-05,-95.27827248,29.71874699,Harris JR ES,1/11/22 15:00,'101912166,HARRIS J R EL,8,351,0,62,355,6,0,11,341,160,0,345,0,3,0,221,191,0,0,10,0,270,351,0,0,HOUSTON ISD,'101912,both,ChIJ70NQ9a-9QIYRIB-AYeeaWog
114,'101912167,HARRIS R P EL,"1262 Mae Dr, Houston, Texas, 77015",'EE-05,-95.22048672,29.76914351,Harris RP ES,1/11/22 15:00,'101912167,HARRIS R P EL,4,523,0,169,534,79,0,9,511,263,0,438,11,28,1,350,260,0,0,12,0,391,523,1,4,HOUSTON ISD,'101912,both,ChIJvyghIVKjQIYRG4nBZRlEiWk
115,'101912168,HARTSFIELD EL,"5001 Perry St, Houston, Texas, 77021",'EE-05,-95.34303651,29.69389653,Hartsfield ES,1/11/22 15:00,'101912168,HARTSFIELD EL,2,362,1,107,371,298,0,4,359,180,0,62,2,0,1,11,182,0,0,3,0,136,362,0,0,HOUSTON ISD,'101912,both,ChIJAfiUPzC-QIYR3eCak7CSwe0
116,'101912169,HARVARD EL,"810 Harvard St, Houston, Texas, 77007",'EE-05,-95.39631038,29.78617529,Harvard ES,1/11/22 15:00,'101912169,HARVARD EL,44,645,37,73,557,30,0,31,99,309,0,191,0,5,2,33,336,0,1,546,1,77,2,44,340,HOUSTON ISD,'101912,both,ChIJkak3UFjHQIYRzjTd66TjER8
117,'101912170,HELMS EL,"503 W 21st St, Houston, Texas, 77008",'EE-05,-95.40641661,29.80488294,Helms ES,1/11/22 15:00,'101912170,HELMS EL,6,478,8,45,423,41,0,8,267,226,0,358,0,6,0,198,252,0,0,211,0,248,478,11,60,HOUSTON ISD,'101912,both,ChIJXyPRw2_HQIYRLZn0xJNUwDI
118,'101912171,HENDERSON J EL,"1800 Dismuke St, Houston, Texas, 77023",'EE-05,-95.31940667,29.7227669,Henderson JP ES,1/11/22 15:00,'101912171,HENDERSON J EL,9,639,0,111,635,16,0,9,632,337,0,615,2,66,1,426,302,0,0,7,0,485,639,0,7,HOUSTON ISD,'101912,both,ChIJ2xklqny-QIYR5pzN9bx2oH4
119,'101912172,HENDERSON N EL,"701 Solo St, Houston, Texas, 77020",'EE-05,-95.3211413,29.76945209,Henderson NQ ES,1/11/22 15:00,'101912172,HENDERSON N EL,6,264,0,72,272,212,0,3,256,140,0,48,3,7,0,38,124,0,0,8,0,123,264,2,2,HOUSTON ISD,'101912,both,ChIJnVHEHLK-QIYR09ZfISKUyFA
120,'101912173,HEROD EL,"5627 Jason St, Houston, Texas, 77096",'EE-05,-95.48817796,29.68412256,Herod ES,1/11/22 15:00,'101912173,HEROD EL,48,810,58,121,681,226,0,24,432,404,0,338,13,42,2,206,406,0,3,378,0,290,810,24,162,HOUSTON ISD,'101912,both,ChIJCdp-jwXCQIYR5H4oBg-gDnE
121,'101912174,HIGHLAND HTS EL,"865 Paul Quinn St, Houston, Texas, 77091",'EE-05,-95.42058999,29.85003253,Highland Heights ES,1/11/22 15:00,'101912174,HIGHLAND HTS EL,11,446,0,90,408,206,0,4,426,217,0,232,0,8,2,167,229,3,0,20,0,238,446,1,5,HOUSTON ISD,'101912,both,ChIJE7B5j8THQIYR_FWjmmjwy-E
122,'101912175,HOBBY EL,"4021 Woodmont Dr, Houston, Texas, 77045",'EE-05,-95.43725656,29.63589661,Hobby ES,1/11/22 15:00,'101912175,HOBBY EL,10,640,1,135,653,241,0,7,620,317,3,385,10,2,0,290,323,0,0,20,1,386,640,6,6,HOUSTON ISD,'101912,both,ChIJcdtDllXqQIYRoLNlG80iJ2M
123,'101912178,HORN EL,"4530 Holly St, Bellaire, Texas, 77401",'EE-05,-95.45447073,29.69316185,Horn ES,1/11/22 15:00,'101912178,HORN EL,35,751,292,142,683,40,0,22,106,378,0,133,4,23,1,135,373,0,0,645,0,170,4,44,241,HOUSTON ISD,'101912,both,ChIJw53TgcHBQIYREUTmJzRsmno
124,'101912179,MCGOWEN EL,"6820 Homestead Rd, Houston, Texas, 77028",'EE-05,-95.30187256,29.82064,McGowen ES,1/11/22 15:00,'101912179,MCGOWEN EL,6,405,0,83,393,258,0,8,399,192,4,138,30,8,0,91,213,0,0,6,0,212,405,2,7,HOUSTON ISD,'101912,both,ChIJg2fuoNK7QIYRbiJHriUaRpU
125,'101912180,ISAACS EL,"3830 Pickfair St, Houston, Texas, 77026",'EE-05,-95.31868691,29.79504024,Isaacs ES,1/11/22 15:00,'101912180,ISAACS EL,3,261,0,65,276,111,0,4,259,129,0,145,50,10,0,102,132,0,0,2,0,184,261,1,4,HOUSTON ISD,'101912,both,ChIJM3Ac_1y5QIYRMfbBax7xv2E
126,'101912181,JANOWSKI EL,"7500 Bauman Rd, Houston, Texas, 77022",'EE-05,-95.37141336,29.83042545,Janowski ES,1/11/22 15:00,'101912181,JANOWSKI EL,7,464,0,67,449,11,0,11,451,226,0,443,0,43,0,304,238,2,0,13,0,352,464,0,10,HOUSTON ISD,'101912,both,ChIJUbysO124QIYRIw9MKDPfRhE
127,'101912182,JEFFERSON EL,"5000 Sharman St, Houston, Texas, 77009",'EE-05,-95.36983748,29.80486899,Jefferson ES,1/11/22 15:00,'101912182,JEFFERSON EL,3,391,1,60,377,29,0,8,372,197,0,357,1,7,1,111,194,0,0,19,0,204,391,1,2,HOUSTON ISD,'101912,both,ChIJpSrFCO24QIYRFqQNoI2_vnM
128,'101912185,KASHMERE GARDENS EL,"4901 Lockwood Dr, Houston, Texas, 77026",'EE-05,-95.31706745,29.80521202,Kashmere Gardens ES,1/11/22 15:00,'101912185,KASHMERE GARDENS EL,11,432,0,107,417,352,0,5,426,187,2,76,12,3,0,42,245,0,0,6,0,201,432,1,3,HOUSTON ISD,'101912,both,ChIJH2yUSmS5QIYRjUolg4KgUYA
129,'101912186,ROBINSON EL,"12425 Woodforest Blvd, Houston, Texas, 77013",'EE-05,-95.21218613,29.78914122,Robinson ES,1/11/22 15:00,'101912186,ROBINSON EL,4,537,0,84,470,111,0,16,516,269,3,422,5,51,1,314,268,0,0,21,0,400,537,0,3,HOUSTON ISD,'101912,both,ChIJf5y9CaWkQIYRYPibzf_9LZI
130,'101912187,KELSO EL,"5800 Southmund St, Houston, Texas, 77033",'EE-05,-95.3336585,29.68276331,Kelso ES,1/11/22 15:00,'101912187,KELSO EL,3,424,0,101,422,151,0,3,419,206,0,268,29,9,0,166,218,0,0,5,0,251,424,2,3,HOUSTON ISD,'101912,both,ChIJhY3cfyC-QIYRHOdxjsRL7Qw
131,'101912188,KENNEDY EL,"400 Victoria Dr, Houston, Texas, 77022",'EE-05,-95.39391399,29.83566255,Kennedy ES,1/11/22 15:00,'101912188,KENNEDY EL,5,589,0,115,603,123,0,9,572,268,0,458,3,41,0,344,321,0,0,17,0,420,589,2,6,HOUSTON ISD,'101912,both,ChIJk8ZuGIe4QIYRvnIYl5e9HmU
132,'101912189,KOLTER EL,"6300 Avenue B, Bellaire, Texas, 77401",'EE-05,-95.45593002,29.71284298,Kolter ES,1/11/22 15:00,'101912189,KOLTER EL,52,722,68,47,592,96,0,21,177,347,0,197,1,2,4,86,375,0,0,545,0,134,0,32,325,HOUSTON ISD,'101912,both,ChIJ85_10AfqQIYRfk51Zjt_UAY
133,'101912192,LANTRIP EL,"100 Telephone Rd, Houston, Texas, 77023",'EE-05,-95.33470708,29.7412244,Lantrip ES,1/11/22 15:00,'101912192,LANTRIP EL,33,618,4,88,580,37,0,16,509,314,0,553,4,6,2,179,304,0,0,109,0,279,618,4,18,HOUSTON ISD,'101912,both,ChIJ53zZ7O2-QIYRdpglsoUoR6E
134,'101912194,LEWIS EL,"6745 Tipperary Ln, Houston, Texas, 77061",'01-05,-95.2832297,29.66572043,Lewis ES,1/11/22 15:00,'101912194,LEWIS EL,6,694,0,142,638,115,0,16,672,348,0,567,11,101,0,455,346,0,0,22,0,495,694,2,10,HOUSTON ISD,'101912,both,ChIJFWxSEjmWQIYRwJEkpqPiSyg
135,'101912195,LOCKHART EL,"3200 Rosedale St, Houston, Texas, 77004",'EE-05,-95.36532139,29.71794869,Lockhart ES,1/11/22 15:00,'101912195,LOCKHART EL,26,479,2,105,481,454,0,11,423,249,0,12,12,0,0,0,230,0,0,56,1,149,479,6,4,HOUSTON ISD,'101912,both,ChIJ-cNSwrG_QIYR0L0pmu8O7hM
136,'101912196,LONGFELLOW EL,"3617 Norris Dr, Houston, Texas, 77025",'EE-05,-95.43221032,29.68768801,Longfellow ES,1/11/22 15:00,'101912196,LONGFELLOW EL,28,667,60,154,621,392,1,20,448,333,0,169,11,24,1,109,334,0,0,219,1,239,667,9,35,HOUSTON ISD,'101912,both,ChIJfYmSsy3AQIYRneWKWS8zXYY
137,'101912197,LOOSCAN EL,"3800 Robertson St, Houston, Texas, 77009",'EE-05,-95.35714753,29.795185,Looscan ES,1/11/22 15:00,'101912197,LOOSCAN EL,5,298,0,32,272,15,0,10,287,168,0,281,1,17,0,118,130,0,0,11,0,171,298,0,2,HOUSTON ISD,'101912,both,ChIJszTF6N24QIYR_ERiC9Aw22s
138,'101912198,LOVE EL,"1120 W 13th St, Houston, Texas, 77008",'EE-05,-95.40890477,29.79416085,Love ES,1/11/22 15:00,'101912198,LOVE EL,5,308,3,59,298,22,0,3,260,145,0,261,70,7,1,142,163,0,0,48,0,218,308,2,19,HOUSTON ISD,'101912,both,ChIJU5NsGkLHQIYRojpY_BNxw70
139,'101912199,LOVETT EL,"8814 S Rice Ave, Houston, Texas, 77096",'EE-05,-95.4682929,29.68260606,Lovett ES,1/11/22 15:00,'101912199,LOVETT EL,52,633,51,60,556,161,0,40,201,335,1,157,7,15,2,80,298,0,4,432,1,139,0,28,233,HOUSTON ISD,'101912,both,ChIJrUVbbvvBQIYRDuIoVXVomE4
140,'101912201,MACGREGOR EL,"4801 La Branch St, Houston, Texas, 77004",'EE-05,-95.38134658,29.72818547,MacGregor ES,1/11/22 15:00,'101912201,MACGREGOR EL,12,501,6,64,445,358,1,7,392,269,0,111,31,7,1,60,232,0,0,109,0,162,501,13,12,HOUSTON ISD,'101912,both,ChIJJcIYTXa_QIYRj0smgbjXIYg
141,'101912203,MADING EL,"8511 Crestmont St, Houston, Texas, 77033",'EE-05,-95.32850254,29.65965499,Mading ES,1/11/22 15:00,'101912203,MADING EL,3,379,0,35,327,266,0,4,372,181,0,110,0,1,1,62,198,0,0,7,0,182,379,1,1,HOUSTON ISD,'101912,both,ChIJ81Ovc-qVQIYRSsKKgmdAD4o
142,'101912204,MEMORIAL EL,"6401 Arnot St, Houston, Texas, 77007",'EE-05,-95.42495939,29.77048139,Memorial ES,1/11/22 15:00,'101912204,MEMORIAL EL,9,315,20,53,280,19,0,13,200,158,0,216,1,14,2,107,157,0,1,115,0,153,315,12,46,HOUSTON ISD,'101912,both,ChIJ7dLtptLAQIYRboXfullCqSg
143,'101912207,MONTGOMERY EL,"4000 Simsbrook Dr, Houston, Texas, 77045",'EE-05,-95.43686999,29.62092246,Montgomery ES,1/11/22 15:00,'101912207,MONTGOMERY EL,16,493,1,88,457,190,0,14,473,244,0,296,21,10,0,195,249,0,0,20,0,292,493,2,4,HOUSTON ISD,'101912,both,ChIJ9fZBD6jrQIYRlQSNt4zwg6s
144,'101912209,NEFF ECC,"8200 Carvel Ln, Houston, Texas, 77036",'EE-01,-95.52913144,29.69678749,Neff ECC,1/11/22 15:00,'101912209,NEFF ECC,1,575,24,99,458,47,0,0,562,270,0,489,39,33,0,415,305,1,0,13,0,543,575,0,15,HOUSTON ISD,'101912,both,ChIJBz1at_LCQIYR5IO6OpmQ5XQ
145,'101912210,NORTHLINE EL,"821 E Witcher Ln, Houston, Texas, 77076",'EE-05,-95.38692097,29.85027749,Northline ES,1/11/22 15:00,'101912210,NORTHLINE EL,7,486,0,102,471,17,0,6,467,241,0,458,28,41,0,330,245,5,0,19,0,395,486,2,9,HOUSTON ISD,'101912,both,ChIJTy_WbA-4QIYRyRAiv5vwRdg
146,'101912211,OAK FOREST EL,"1401 W 43rd St, Houston, Texas, 77018",'EE KG-05,-95.43622039,29.82844783,Oak Forest ES,1/11/22 15:00,'101912211,OAK FOREST EL,62,863,45,69,752,31,0,29,137,424,0,259,3,9,2,29,439,0,0,726,2,84,2,41,483,HOUSTON ISD,'101912,both,ChIJT4cqVE3GQIYRdzklv2RNGa0
147,'101912212,OATES EL,"10044 Wallisville Rd, Houston, Texas, 77013",'EE-05,-95.25283558,29.79366997,Oates ES,1/11/22 15:00,'101912212,OATES EL,6,361,2,59,347,34,0,11,349,164,0,314,24,20,1,177,197,3,0,12,0,263,361,5,5,HOUSTON ISD,'101912,both,ChIJm5NkzG67QIYRbZ0i4Jk4iVg
148,'101912213,OSBORNE EL,"800 Ringold St, Houston, Texas, 77088",'EE-05,-95.41658981,29.87522392,Osborne ES,1/11/22 15:00,'101912213,OSBORNE EL,3,260,0,77,278,140,0,2,257,129,0,114,0,2,1,83,131,1,0,3,0,154,260,1,4,HOUSTON ISD,'101912,both,ChIJVfqga23IQIYRSvPr9nywFpU
149,'101912214,PARK PLACE EL,"8235 Park Place Blvd, Houston, Texas, 77017",'EE-05,-95.27369596,29.68837738,Park Place ES,1/11/22 15:00,'101912214,PARK PLACE EL,18,839,130,117,820,25,0,14,763,421,0,672,0,41,1,515,418,0,0,76,0,610,839,3,8,HOUSTON ISD,'101912,both,ChIJzabUtYa9QIYRrs9bP9kiQvE
150,'101912215,PARKER EL,"10626 Atwell Dr, Houston, Texas, 77096",'EE-05,-95.48227459,29.66555161,Parker ES,1/11/22 15:00,'101912215,PARKER EL,59,867,35,96,777,133,0,38,355,436,0,394,5,16,1,242,431,1,0,512,0,309,867,42,262,HOUSTON ISD,'101912,both,ChIJfYzsj_npQIYRcugi3JCjpSs
151,'101912216,PATTERSON EL,"5302 Allendale Rd, Houston, Texas, 77017",'EE-05,-95.24239802,29.68319246,Patterson ES,1/11/22 15:00,'101912216,PATTERSON EL,41,875,7,117,798,54,0,15,817,418,0,801,0,8,0,456,457,0,0,58,0,565,875,1,12,HOUSTON ISD,'101912,both,ChIJSVrs1eOXQIYRoh7agw0X3W0
152,'101912217,PECK EL,"5001 Martin Luther King Blvd, Houston, Texas, 77021",'EE-05,-95.33463022,29.70600469,Peck ES,1/11/22 15:00,'101912217,PECK EL,5,407,0,103,437,204,1,7,396,195,0,199,23,8,0,141,212,0,0,11,0,232,407,2,2,HOUSTON ISD,'101912,both,ChIJUZOC5kC-QIYRfsKUWEHRxgw
153,'101912218,PILGRIM ACADEMY,"6302 Skyline Dr, Houston, Texas, 77057",'EE-08,-95.49348304,29.72826753,Pilgrim  Acad,1/11/22 16:00,'101912218,PILGRIM ACADEMY,18,1127,4,130,1095,70,0,15,1098,555,0,1027,0,168,3,885,572,4,0,29,1,935,1127,3,19,HOUSTON ISD,'101912,both,ChIJKaFyfHzBQIYRruSsVYL09ug
154,'101912219,PINEY POINT EL,"8921 Pagewood Ln, Houston, Texas, 77063",'EE-05,-95.52168504,29.72608253,Piney Point ES,1/11/22 15:00,'101912219,PINEY POINT EL,11,1140,35,209,1050,116,0,7,1088,557,0,936,0,197,4,840,583,2,0,52,0,906,1140,7,42,HOUSTON ISD,'101912,both,ChIJ1TPnwgDDQIYRIyjjmDP3_i0
155,'101912220,PLEASANTVILLE EL,"1431 Gellhorn Dr, Houston, Texas, 77029",'EE-05,-95.27272793,29.76386338,Pleasantville ES,1/11/22 15:00,'101912220,PLEASANTVILLE EL,4,249,0,50,234,154,0,11,236,101,0,90,6,1,0,48,148,0,0,13,0,108,249,3,2,HOUSTON ISD,'101912,both,ChIJfaGTS2O8QIYRvCXLxMniXD8
156,'101912221,POE EL,"5100 Hazard St, Houston, Texas, 77098",'EE-05,-95.40695472,29.72720516,Poe ES,1/11/22 15:00,'101912221,POE EL,38,776,72,129,704,72,0,20,211,395,1,276,1,54,2,175,381,0,0,565,2,224,0,65,287,HOUSTON ISD,'101912,both,ChIJ95sRpInAQIYRyMZn8_6qKKs
157,'101912222,PORT HOUSTON EL,"1800 McCarty St, Houston, Texas, 77029",'EE-05,-95.28364251,29.76011398,Port Houston ES,1/11/22 15:00,'101912222,PORT HOUSTON EL,5,265,0,47,264,6,0,4,262,127,0,252,10,19,0,183,138,0,0,3,0,215,265,0,7,HOUSTON ISD,'101912,both,ChIJ4x6SvG68QIYRb2rBrEk_B04
158,'101912223,PUGH EL,"1147 Kress St, Houston, Texas, 77020",'EE-05,-95.30736254,29.76802398,Pugh ES,1/11/22 15:00,'101912223,PUGH EL,7,370,0,44,345,9,0,13,355,172,0,357,0,11,2,155,198,0,0,15,0,231,370,1,1,HOUSTON ISD,'101912,both,ChIJ-epSxgO8QIYRyoP6wlzFSP0
159,'101912224,RED EL,"4520 Tonawanda Dr, Houston, Texas, 77035",'EE-05,-95.45543548,29.66614547,Red ES,1/11/22 15:00,'101912224,RED EL,13,610,21,95,556,107,0,17,425,282,0,377,0,11,1,183,328,0,0,185,0,278,610,14,90,HOUSTON ISD,'101912,both,ChIJUxDKk3LqQIYRhYerMsfrnys
160,'101912225,REYNOLDS EL,"9601 Rosehaven Dr, Houston, Texas, 77051",'EE-05,-95.37613874,29.65176896,Reynolds ES,1/11/22 15:00,'101912225,REYNOLDS EL,6,354,2,129,397,303,2,8,339,175,0,40,1,1,2,5,179,0,0,15,0,134,354,1,6,HOUSTON ISD,'101912,both,ChIJ0dba7z6VQIYRSoe6T3uJ6lE
161,'101912227,MCNAMARA EL,"8714 McAvoy Dr, Houston, Texas, 77074",'EE-05,-95.50372841,29.68416434,McNamara ES,1/11/22 15:00,'101912227,MCNAMARA EL,3,890,114,168,832,99,1,4,861,432,0,626,33,164,1,736,458,0,0,29,2,792,890,6,42,HOUSTON ISD,'101912,both,ChIJK-Gjj3HCQIYRLw9iY_wPXAg
162,'101912228,RIVER OAKS EL,"2008 Kirby Dr, Houston, Texas, 77019",'EE KG-05,-95.41884831,29.74717765,River Oaks ES,1/11/22 15:00,'101912228,RIVER OAKS EL,27,616,217,65,533,29,0,14,72,284,0,93,1,16,0,53,332,0,0,544,0,83,0,59,218,HOUSTON ISD,'101912,both,ChIJ98xC-8HAQIYRZXMO2NFf6gY
163,'101912229,ROBERTS EL,"6000 Greenbriar St, Houston, Texas, 77030",'EE-05,-95.41272085,29.71250304,Roberts ES,1/11/22 15:00,'101912229,ROBERTS EL,23,687,221,147,632,69,0,14,80,337,0,95,0,59,0,126,350,0,0,607,1,155,0,48,253,HOUSTON ISD,'101912,both,ChIJ8fMOe2jAQIYRush--eeQFLk
164,'101912231,ROOSEVELT EL,"6700 Fulton St, Houston, Texas, 77022",'EE-05,-95.37399582,29.81889103,Roosevelt ES,1/11/22 15:00,'101912231,ROOSEVELT EL,12,507,2,64,500,22,0,7,429,252,0,468,0,3,1,189,255,0,0,78,0,285,507,2,12,HOUSTON ISD,'101912,both,ChIJ6ef3pIq4QIYR14sfk4UsU4k
165,'101912232,ROSS EL,"2819 Bay St, Houston, Texas, 77026",'EE-05,-95.34137161,29.80029297,Ross ES,1/11/22 15:00,'101912232,ROSS EL,2,295,0,57,292,155,0,7,283,135,0,137,0,3,0,89,160,0,0,12,0,129,295,2,1,HOUSTON ISD,'101912,both,ChIJg2CNehe5QIYRsJlPNi5CxB4
166,'101912233,RUCKER EL,"5201 Vinett St, Houston, Texas, 77017",'EE-05,-95.24207722,29.69347123,Rucker ES,1/11/22 15:00,'101912233,RUCKER EL,16,379,0,60,323,10,0,11,366,168,0,360,22,5,0,180,211,0,0,13,0,258,379,0,9,HOUSTON ISD,'101912,both,ChIJ8begglu9QIYRN6NxSh49cm0
167,'101912234,BAYLOR COLLEGE OF MEDICINE BIOTECH ACADEMY AT RUSK,"2805 Garrow St, Houston, Texas, 77003",'06-08,-95.34494649,29.75276636,BCM Biotech Acad at Rusk,1/11/22 16:00,'101912234,BAYLOR COLLEGE OF MEDICINE BIOTECH,28,428,3,15,305,95,0,14,333,211,0,319,0,0,1,84,217,0,0,95,0,112,428,0,10,HOUSTON ISD,'101912,both,ChIJwa9ssN2-QIYR9ADf0zB-L2s
168,'101912237,SCARBOROUGH EL,"3030 Trenton Rd, Houston, Texas, 77093",'EE-05,-95.33690191,29.8723389,Scarborough ES,1/11/22 15:00,'101912237,SCARBOROUGH EL,6,581,0,94,530,10,0,7,556,271,0,570,6,26,0,377,310,0,1,25,0,435,581,0,1,HOUSTON ISD,'101912,both,ChIJB2tlVmG3QIYR-WP-_SJFMus
169,'101912239,SHEARN EL,"9802 Stella Link Rd, Houston, Texas, 77025",'EE-05,-95.44006366,29.67783517,Shearn ES,1/11/22 15:00,'101912239,SHEARN EL,6,481,16,99,470,104,1,2,462,235,0,340,14,26,0,288,246,0,0,19,0,346,481,2,19,HOUSTON ISD,'101912,both,ChIJA5_yVX_qQIYRcl4y8Lu-Gfg
170,'101912240,SHERMAN EL,"1909 McKee St, Houston, Texas, 77009",'EE-05,-95.35220229,29.77918864,Sherman ES,1/11/22 15:00,'101912240,SHERMAN EL,11,564,1,75,517,38,0,8,537,255,0,504,16,14,1,231,309,1,0,27,0,416,564,0,20,HOUSTON ISD,'101912,both,ChIJpz2899W4QIYRSor8b378-0A
171,'101912241,SINCLAIR EL,"6410 Grovewood Ln, Houston, Texas, 77008",'EE-05,-95.42851692,29.79338213,Sinclair ES,1/11/22 15:00,'101912241,SINCLAIR EL,21,584,22,73,508,50,0,19,186,271,0,246,10,2,2,28,313,0,3,398,4,86,584,17,243,HOUSTON ISD,'101912,both,ChIJ7e92gCLHQIYRWPvWQQqVufw
172,'101912242,SMITH EL,"4802 Chrystell Ln, Houston, Texas, 77092",'EE-05,-95.46189399,29.83846751,Smith ES,1/11/22 15:00,'101912242,SMITH EL,3,786,0,187,745,94,0,7,722,379,0,664,0,69,0,458,407,0,1,64,0,544,786,7,21,HOUSTON ISD,'101912,both,ChIJV15spBTGQIYRBIMg-uH1WBw
173,'101912243,THOMPSON EL,"6121 Tierwester St, Houston, Texas, 77021",'EE-05,-95.36346463,29.70546058,Thompson ES,1/11/22 15:00,'101912243,THOMPSON EL,6,404,1,75,374,378,0,6,400,198,1,23,15,0,0,8,206,0,0,4,0,151,404,2,0,HOUSTON ISD,'101912,both,ChIJ4_6dIri_QIYRvkXqvK0xoYo
174,'101912244,SOUTHMAYD EL,"1800 Coral St, Houston, Texas, 77012",'EE-05,-95.28842481,29.71009657,Southmayd ES,1/11/22 15:00,'101912244,SOUTHMAYD EL,11,457,0,60,466,14,0,18,430,206,0,441,0,9,0,213,251,1,0,27,0,276,457,1,1,HOUSTON ISD,'101912,both,ChIJJT5scb-9QIYRRLt3_pHS9vw
175,'101912245,STEVENS EL,"1910 Lamonte Ln, Houston, Texas, 77018",'EE-05,-95.44614465,29.82681788,Stevens ES,1/11/22 15:00,'101912245,STEVENS EL,23,541,1,128,534,56,0,16,487,260,0,442,14,42,0,256,281,0,0,54,0,325,541,9,33,HOUSTON ISD,'101912,both,ChIJW1EqqFrGQIYRSYeXhp-HFdk
176,'101912247,YOUNG EL,"3555 Bellfort St, Houston, Texas, 77051",'EE-05,-95.37049001,29.66946751,Young ES,1/11/22 15:00,'101912247,YOUNG EL,8,368,0,131,346,305,0,3,366,183,3,51,109,1,0,6,185,0,0,2,0,212,368,4,8,HOUSTON ISD,'101912,both,ChIJV2jPWr6VQIYRwHpJRDDH3lY
177,'101912248,SUTTON EL,"7402 Albacore Dr, Houston, Texas, 77074",'EE-05,-95.50085744,29.69760799,Sutton ES,1/11/22 15:00,'101912248,SUTTON EL,16,1026,115,190,979,77,0,15,957,494,0,754,3,147,3,735,532,2,0,69,0,800,1026,10,67,HOUSTON ISD,'101912,both,ChIJNaiNcGrCQIYRQ_DG6J0moKU
178,'101912249,TRAVIS EL,"3311 Beauchamp St, Houston, Texas, 77009",'EE-05,-95.37420663,29.78894446,Travis ES,1/11/22 15:00,'101912249,TRAVIS EL,58,692,21,57,607,26,0,44,99,374,0,212,5,6,1,23,318,0,4,593,0,67,0,42,390,HOUSTON ISD,'101912,both,ChIJVXTBt7i4QIYRj8HwwCScdhU
179,'101912251,TWAIN EL,"7500 Braes Blvd, Houston, Texas, 77025",'EE-05,-95.43715749,29.698688,Twain ES,1/11/22 15:00,'101912251,TWAIN EL,52,856,172,142,774,81,0,29,128,418,0,193,0,79,3,144,438,0,0,728,0,191,0,44,363,HOUSTON ISD,'101912,both,ChIJ4dEM8MrBQIYRqtsFMmTYgvA
180,'101912252,WAINWRIGHT EL,"5330 Milwee St, Houston, Texas, 77092",'EE-05,-95.46948012,29.82236956,Wainwright ES,1/11/22 15:00,'101912252,WAINWRIGHT EL,4,402,4,155,453,62,0,2,372,193,3,309,0,23,0,175,209,0,0,30,0,224,402,5,22,HOUSTON ISD,'101912,both,ChIJmeeOG3vGQIYRWqn1Eq5edww
181,'101912253,WALNUT BEND EL,"10620 Briar Forest Dr, Houston, Texas, 77042",'EE-05,-95.56383244,29.7472701,Walnut Bend ES,1/11/22 15:00,'101912253,WALNUT BEND EL,24,652,18,205,645,232,2,12,553,302,3,309,5,61,3,249,350,0,0,99,0,330,652,18,72,HOUSTON ISD,'101912,both,ChIJK0nKfLPcQIYRjqzZKinqAfg
182,'101912254,WESLEY EL,"800 Dillard St, Houston, Texas, 77091",'EE-05,-95.41902726,29.86208566,Wesley ES,1/11/22 15:00,'101912254,WESLEY EL,4,262,0,136,338,201,2,3,255,143,0,50,2,0,0,14,119,0,0,7,0,112,262,1,10,HOUSTON ISD,'101912,both,ChIJPccuQd_HQIYR7knEC9o4_LA
183,'101912255,WEST UNIVERSITY EL,"3756 University Blvd, Houston, Texas, 77005",'EE-05,-95.43537902,29.71489747,West University ES,1/11/22 15:00,'101912255,WEST UNIVERSITY EL,57,1141,216,179,1090,25,0,35,40,548,0,149,0,49,2,34,593,0,0,1101,1,86,0,60,688,HOUSTON ISD,'101912,both,ChIJNcM5LFPAQIYRbDEgYcRPq7Q
184,'101912256,WHARTON K-8 DUAL LANGUAGE ACADEMY,"900 W Gray St, Houston, Texas, 77019",'EE-08,-95.3906883,29.75339635,Wharton K-8,1/11/22 16:00,'101912256,WHARTON K-8 DUAL LANGUAGE ACADEMY,18,610,15,82,578,65,0,12,261,312,3,417,0,14,0,276,298,0,1,349,0,342,610,14,99,HOUSTON ISD,'101912,both,ChIJleiB0l6_QIYRtXFynUiTH2I
185,'101912257,WHIDBY EL,"7625 Springhill St, Houston, Texas, 77021",'EE-05,-95.37575544,29.68204339,Whidby ES,1/11/22 15:00,'101912257,WHIDBY EL,10,433,18,126,428,309,0,4,397,209,0,91,0,3,0,62,224,0,0,36,1,158,433,6,8,HOUSTON ISD,'101912,both,ChIJwSS6NOC_QIYRUMbRfIhtsNM
186,'101912258,WHITTIER EL,"10511 La Crosse St, Houston, Texas, 77029",'EE-05,-95.24273271,29.77169015,Whittier ES,1/11/22 15:00,'101912258,WHITTIER EL,4,415,7,80,437,10,0,14,406,216,0,388,0,21,0,192,199,1,0,9,0,251,415,0,10,HOUSTON ISD,'101912,both,ChIJ_bkv56O8QIYREMEobw_m7Gw
187,'101912259,ELLA J BAKER MONTESSORI SCHOOL,"2100 Yupon St, Houston, Texas, 77006",'EE-08,-95.39905553,29.74843275,Baker Montessori,1/11/22 16:00,'101912259,WILSON MONTESSORI,64,587,61,119,578,55,0,39,203,305,1,245,0,20,0,135,282,2,2,384,0,217,1,30,196,HOUSTON ISD,'101912,both,ChIJ3QqhS5_AQIYRopWpX1xjw00
188,'101912260,WINDSOR VILLAGE EL,"14440 Polo St, Houston, Texas, 77085",'EE-05,-95.47035393,29.61785641,Windsor Village ES,1/11/22 15:00,'101912260,WINDSOR VILLAGE EL,9,685,4,102,626,222,0,6,634,358,0,447,0,10,3,287,327,0,0,51,0,404,685,2,7,HOUSTON ISD,'101912,both,ChIJnxuunH_rQIYRohaBbGgM7AE
189,'101912262,GRISSOM EL,"4900 Simsbrook Dr, Houston, Texas, 77045",'EE-05,-95.45493995,29.61996693,Grissom ES,1/11/22 15:00,'101912262,GRISSOM EL,8,492,1,78,446,119,0,10,457,237,0,366,62,18,1,279,255,0,0,35,0,356,492,2,3,HOUSTON ISD,'101912,both,ChIJc7AEvrfrQIYRPVZpjVlo9x0
190,'101912263,LAW EL,"12401 S Coast Dr, Houston, Texas, 77047",'EE-05,-95.36494924,29.62804163,Law ES,1/11/22 15:00,'101912263,LAW EL,19,598,4,114,566,416,0,7,578,275,0,161,2,2,1,98,323,0,0,20,1,208,598,7,8,HOUSTON ISD,'101912,both,ChIJXT8ckeSUQIYRbs2uWZplG0Y
191,'101912264,MITCHELL EL,"8050 Springtime Ln, Houston, Texas, 77075",'EE-05,-95.276421,29.60833092,Mitchell ES,1/11/22 15:00,'101912264,MITCHELL EL,12,415,6,107,397,111,0,14,398,205,0,283,28,19,0,179,210,0,0,17,0,244,415,3,12,HOUSTON ISD,'101912,both,ChIJmatDdc-XQIYR3jYjEy5K4Uo
192,'101912265,PETERSEN EL,"14404 Waterloo Dr, Houston, Texas, 77045",'EE-05,-95.42427081,29.61770834,Petersen ES,1/11/22 15:00,'101912265,PETERSEN EL,4,389,5,66,341,79,0,2,365,203,5,299,0,5,0,161,186,0,0,24,0,225,389,2,4,HOUSTON ISD,'101912,both,ChIJFRGnORDrQIYR4KDjg4KiCGc
193,'101912267,WHITE E EL,"9001 Triola Ln, Houston, Texas, 77036",'EE-05,-95.5426683,29.6967196,White E ES,1/11/22 15:00,'101912267,WHITE E EL,13,707,83,100,634,30,0,11,671,368,0,575,13,69,1,546,339,1,0,36,0,591,707,1,17,HOUSTON ISD,'101912,both,ChIJmefng7_CQIYRjhhY9TUh6kg
194,'101912268,BENBROOK EL,"4026 Bolin Rd, Houston, Texas, 77092",'EE-05,-95.48166221,29.82639677,Benbrook ES,1/11/22 15:00,'101912268,BENBROOK EL,12,495,2,110,480,19,0,10,465,268,0,459,1,34,4,315,227,0,0,30,0,378,495,1,10,HOUSTON ISD,'101912,both,ChIJE9NQxdnFQIYRbveeFMO1Jag
195,'101912269,SCROGGINS EL,"400 Boyles St, Houston, Texas, 77020",'EE-05,-95.29894359,29.78093346,Scroggins ES,1/11/22 15:00,'101912269,SCROGGINS EL,12,398,0,53,372,10,0,12,375,205,0,383,6,11,0,191,193,0,0,23,0,280,398,0,5,HOUSTON ISD,'101912,both,ChIJ74noTve7QIYRbgTAMUD9zkI
196,'101912271,FOERSTER EL,"14200 Fonmeadow Dr, Houston, Texas, 77035",'EE-05,-95.49825234,29.63864533,Foerster ES,1/11/22 15:00,'101912271,FOERSTER EL,4,659,20,206,645,408,1,2,655,340,0,213,7,68,2,207,319,0,0,4,1,315,659,4,11,HOUSTON ISD,'101912,both,ChIJg1FcCZjpQIYRV7bj6-m0s0k
197,'101912273,ASHFORD EL,"1815 Shannon Valley Dr, Houston, Texas, 77077",'EE-05,-95.59819503,29.74726536,Ashford ES,1/11/22 15:00,'101912273,ASHFORD EL,9,517,14,207,561,245,0,10,439,236,1,206,15,27,1,150,281,0,0,78,0,257,517,13,38,HOUSTON ISD,'101912,both,ChIJicU0tI7cQIYRJZsYEnAsJe0
198,'101912274,ASKEW EL,"11200 Wood Lodge Dr, Houston, Texas, 77077",'EE-05,-95.57729889,29.7513743,Askew ES,1/11/22 15:00,'101912274,ASKEW EL,30,827,104,246,802,304,0,19,541,413,0,282,0,55,1,240,414,0,4,286,1,317,827,29,106,HOUSTON ISD,'101912,both,ChIJScJeVrvcQIYR3K8g_wfRHts
199,'101912275,BUSH EL,"13800 Westerloch Dr, Houston, Texas, 77077",'EE-05,-95.63239397,29.75856249,Bush ES,1/11/22 15:00,'101912275,BUSH EL,15,815,313,153,762,81,0,11,158,386,0,202,0,104,2,218,429,0,1,657,0,229,1,30,187,HOUSTON ISD,'101912,both,ChIJw3jgDgncQIYRh3C6rCazXsM
200,'101912276,SHADOWBRIAR EL,"2650 Shadowbriar Dr, Houston, Texas, 77077",'PK-05,-95.59814803,29.73757454,Shadowbriar ES,1/11/22 15:00,'101912276,SHADOWBRIAR EL,10,483,17,231,582,285,0,6,363,238,0,129,1,20,2,57,245,0,0,120,1,137,453,9,40,HOUSTON ISD,'101912,both,ChIJXVUih_TcQIYR5esT2yxng6s
201,'101912279,TIJERINA EL,"6501 Sherman St, Houston, Texas, 77011",'EE-05,-95.30997367,29.74041689,Tijerina ES,1/11/22 15:00,'101912279,TIJERINA EL,5,309,0,69,309,7,0,5,295,152,0,300,1,32,0,197,157,0,0,14,0,227,309,0,2,HOUSTON ISD,'101912,both,ChIJK2aJU52-QIYRfuiUvllXusI
202,'101912281,SANCHEZ EL,"2700 Berkley St, Houston, Texas, 77012",'EE-05,-95.28345744,29.70245902,Sanchez ES,1/11/22 15:00,'101912281,SANCHEZ EL,11,548,0,85,516,11,0,9,534,265,0,533,0,47,0,291,283,0,0,14,0,366,548,0,4,HOUSTON ISD,'101912,both,ChIJAz7bNJS9QIYRaSUBvimU0uc
203,'101912283,GARCIA EL,"9550 Aldine Westfield Rd, Houston, Texas, 77093",'EE-05,-95.34906536,29.84886928,Garcia ES,1/11/22 15:00,'101912283,GARCIA EL,10,437,2,116,450,95,0,15,427,209,2,333,25,9,1,199,228,0,0,10,0,264,437,1,5,HOUSTON ISD,'101912,both,ChIJdyi-bsy5QIYRaBX1DTrgA9Q
204,'101912285,VALLEY WEST EL,"10707 S Gessner Dr, Houston, Texas, 77071",'EE-05,-95.52796051,29.66480812,Valley West ES,1/11/22 15:00,'101912285,VALLEY WEST EL,9,735,18,152,718,308,0,16,682,359,3,391,0,21,2,321,376,0,0,53,0,412,735,7,9,HOUSTON ISD,'101912,both,ChIJUcj0Pi7oQIYRqOZdO22uQjs
205,'101912286,HERRERA EL,"525 Bennington St, Houston, Texas, 77022",'EE-05,-95.36663861,29.82152358,Herrera ES,1/11/22 15:00,'101912286,HERRERA EL,31,818,1,84,766,10,0,23,814,386,0,790,0,8,0,364,432,1,0,4,0,447,818,0,17,HOUSTON ISD,'101912,both,ChIJn0hXJFm4QIYRqXw0LG09NMw
206,'101912287,CAGE EL,"4528 Leeland St, Houston, Texas, 77023",'EE-05,-95.33348173,29.73554206,Cage ES,1/11/22 15:00,'101912287,CAGE EL,14,464,3,64,437,11,0,3,423,237,0,440,0,25,0,225,227,0,0,41,0,292,464,1,9,HOUSTON ISD,'101912,both,ChIJRzBsfPO-QIYRTm9YCNUyWuk
207,'101912289,MARTINEZ C EL,"901 Hays St, Houston, Texas, 77009",'EE-05,-95.35949899,29.78977754,Martinez C ES,1/11/22 15:00,'101912289,MARTINEZ C EL,3,324,1,78,332,143,0,10,319,166,0,178,0,4,0,95,158,0,0,5,0,171,324,1,1,HOUSTON ISD,'101912,both,ChIJa9GqNqfcQIYRGXbaafaGcXw
208,'101912290,CRESPO EL,"7500 Office City Dr, Houston, Texas, 77012",'EE-05,-95.2881824,29.70023094,Crespo ES,1/11/22 15:00,'101912290,CRESPO EL,9,637,4,104,623,7,0,9,608,323,0,622,0,41,0,473,314,0,0,29,0,525,637,1,3,HOUSTON ISD,'101912,both,ChIJg3PIeZO9QIYRwKON-wf2mZc
209,'101912291,GALLEGOS EL,"7415 Harrisburg Blvd, Houston, Texas, 77011",'EE-05,-95.29316125,29.73287183,Gallegos ES,1/11/22 15:00,'101912291,GALLEGOS EL,1,318,0,48,304,8,0,2,306,147,0,309,0,6,0,154,171,0,0,12,0,209,318,0,1,HOUSTON ISD,'101912,both,ChIJw2iVZjS8QIYRNMte8tpH-Mk
210,'101912292,CARRILLO EL,"960 S Wayside Dr, Houston, Texas, 77023",'EE-05,-95.30976572,29.72818983,Carrillo ES,1/11/22 15:00,'101912292,CARRILLO EL,4,433,4,68,431,6,0,5,342,209,0,408,0,20,0,211,224,0,0,91,0,259,433,1,14,HOUSTON ISD,'101912,both,ChIJ9f-rWNW9QIYROAGv3-TXdo4
211,'101912295,BENAVIDEZ EL,"6262 Gulfton St, Houston, Texas, 77081",'EE-05,-95.49214361,29.71642164,Benavidez ES,1/11/22 15:00,'101912295,BENAVIDEZ EL,13,900,117,241,929,72,2,2,896,431,0,676,25,220,1,780,469,2,0,4,0,812,900,3,31,HOUSTON ISD,'101912,both,ChIJ35795TPCQIYRgPe7iKJv7VM
212,'101912297,DAVILA EL,"7610 Dahlia St, Houston, Texas, 77012",'EE-05,-95.28460442,29.71454287,Davila ES,1/11/22 15:00,'101912297,DAVILA EL,6,404,0,63,383,4,0,4,382,194,0,385,0,15,0,186,210,0,0,22,0,257,404,0,15,HOUSTON ISD,'101912,both,ChIJsVBWQrm9QIYR4HnqcXsAbAg
213,'101912298,MARTINEZ R EL,"7211 Market St, Houston, Texas, 77020",'EE-05,-95.29697334,29.77269824,Martinez R ES,1/11/22 15:00,'101912298,MARTINEZ R EL,5,476,0,68,462,11,0,4,459,210,0,459,6,15,0,194,266,0,0,17,0,287,476,0,6,HOUSTON ISD,'101912,both,ChIJvxtlsgm8QIYRHxHhChZnrEw
214,'101912299,MILNE EL,"7800 Portal Dr, Houston, Texas, 77071",'EE-05,-95.51544287,29.6605464,Milne ES,1/11/22 15:00,'101912299,MILNE EL,3,489,1,134,488,224,0,6,470,240,0,253,0,43,0,158,249,0,0,19,0,248,489,2,9,HOUSTON ISD,'101912,both,ChIJG31uwc3pQIYRuBxXWh3u2fI
215,'101912301,EASTWOOD ACADEMY,"1315 Dumble St, Houston, Texas, 77023",'09-12,-95.32898593,29.73584837,Eastwood Acad HS,1/11/22 16:10,'101912301,EASTWOOD ACADEMY,10,440,8,23,344,2,1,2,327,226,0,414,3,0,3,27,214,1,0,113,0,132,440,1,12,HOUSTON ISD,'101912,both,ChIJ0_qJXYy-QIYRo2Ul2yTgRoI
216,'101912308,NORTH HOUSTON EARLY COLLEGE H S,"8001 Fulton St, Houston, Texas, 77022",'09-12,-95.37594193,29.83426,North Houston EC HS,1/11/22 15:30,'101912308,NORTH HOUSTON EARLY COLLEGE H S,12,489,2,-1,-1,49,0,4,426,275,0,433,1,1,0,68,214,1,0,63,0,203,489,1,4,HOUSTON ISD,'101912,both,ChIJszFnc2m4QIYR7qCKenTAs9Q
217,'101912310,HOUSTON MATH SCIENCE AND TECHNOLOGY CENTER,"9400 Irvington Blvd, Houston, Texas, 77076",'09-12,-95.36225253,29.84786953,Houston MSTC HS,1/11/22 16:10,'101912310,HOUSTON MATH SCIENCE AND TECHNOLOG,89,2654,4,352,2224,198,175,109,2498,1241,0,2407,10,136,4,842,1413,5,0,156,1,1775,2607,6,34,HOUSTON ISD,'101912,both,ChIJo79BLje4QIYR9rXrUfmvFyw
218,'101912311,MOUNT CARMEL ACADEMY,"7155 Ashburn St, Houston, Texas, 77061",'09-12,-95.30155757,29.66045382,Mount Carmel Acad HS,1/11/22 16:10,'101912311,MOUNT CARMEL ACADEMY,6,286,1,21,241,27,0,7,217,152,0,247,0,1,0,53,134,0,0,69,0,97,286,4,7,HOUSTON ISD,'101912,both,ChIJ1SMBMA2WQIYRgnG3KRA_HRk
220,'101912321,ENERGIZED FOR STEM ACADEMY H S,"7055 Beechnut St, Houston, Texas, 77074",'09-12,-95.50749917,29.69187217,ENERGIZED FOR STEM ACADEMY HS,1/11/22 16:00,'101912321,ENERGIZED FOR STEM ACADEMY H S,12,611,3,18,201,22,1,1,597,289,0,583,0,0,0,377,322,0,0,14,0,433,611,0,3,HOUSTON ISD,'101912,both,ChIJoZ8sOm_CQIYRowle7GmahM0
221,'101912322,CARNEGIE VANGUARD H S,"1501 Taft St, Houston, Texas, 77019",'09-12,-95.38567483,29.75408844,Carnegie HS,1/11/22 16:10,'101912322,CARNEGIE VANGUARD H S,55,925,272,60,724,114,0,7,304,509,0,304,3,4,3,6,416,0,0,621,3,114,0,35,194,HOUSTON ISD,'101912,both,ChIJdxmEmly_QIYRvbHqHMruD0g
222,'101912323,CHALLENGE EARLY COLLEGE H S,"5601 W Loop Fwy S, Houston, Texas, 77081",'09-12,-95.45971393,29.72095004,Challenge EC HS,1/11/22 15:30,'101912323,CHALLENGE EARLY COLLEGE H S,24,486,28,35,378,63,1,9,352,273,0,348,3,2,3,33,213,1,2,134,1,112,486,3,40,HOUSTON ISD,'101912,both,ChIJ28ALNp7BQIYRFy6jAb3XS_o
223,'101912324,LIBERTY H S,"5407 Gulfton St, Houston, Texas, 77081",'11-12,-95.47464446,29.71641795,Liberty HS Day Classes,1/11/22 15:30,'101912324,LIBERTY H S,1,292,3,41,264,14,1,0,292,127,0,269,38,176,0,268,165,0,0,0,0,288,292,0,6,HOUSTON ISD,'101912,both,ChIJ5biHXXrBQIYRfeYJCprAEAQ
224,'101912324,LIBERTY H S,"5407 Gulfton St, Houston, Texas, 77081",'11-12,-95.47464446,29.71641795,Liberty HS Night Classes,1/11/22 23:05,'101912324,LIBERTY H S,1,292,3,41,264,14,1,0,292,127,0,269,38,176,0,268,165,0,0,0,0,288,292,0,6,HOUSTON ISD,'101912,both,ChIJ5biHXXrBQIYRfeYJCprAEAQ
225,'101912337,PIN OAK MIDDLE,"4601 Glenmont St, Bellaire, Texas, 77401",'06-08,-95.45770882,29.72031566,Pin Oak MS,1/11/22 16:00,'101912337,PIN OAK MIDDLE,104,1272,204,35,862,109,3,35,397,659,0,456,0,6,2,158,613,0,0,875,0,189,0,54,447,HOUSTON ISD,'101912,both,ChIJBTYhbp_BQIYR2tJjWNfrV6o
226,'101912338,ORTIZ MIDDLE,"6767 Telephone Rd, Houston, Texas, 77061",'06-08,-95.28888246,29.663353,Ortiz MS,1/11/22 16:00,'101912338,ORTIZ MIDDLE,35,1022,22,115,750,175,22,25,984,546,1,814,0,63,2,462,476,0,0,38,0,713,1022,5,4,HOUSTON ISD,'101912,both,ChIJ5eY1qj-WQIYRMvq0eup3bzU
227,'101912340,LAS AMERICAS,"6501 Bellaire Blvd, Houston, Texas, 77074",'04-08,-95.49847882,29.70527609,Las Americas MS,1/11/22 16:00,'101912340,LAS AMERICAS,0,161,9,98,220,3,0,0,158,83,0,147,0,161,0,161,78,0,0,3,0,161,161,0,2,HOUSTON ISD,'101912,both,ChIJf88rUT_CQIYRZ_HKoGQxFrU
228,'101912342,ENERGIZED FOR EXCELLENCE ACADEMY INC MIDDLE,"6107 Bissonnet St, Houston, Texas, 77081",'06-08,-95.48983289,29.69637284,Energized MS,1/11/22 16:00,'101912342,ENERGIZED FOR EXCELLENCE ACADEMY I,7,622,7,57,446,27,0,1,613,321,0,585,0,11,0,445,301,0,0,9,0,452,622,0,3,HOUSTON ISD,'101912,both,ChIJ2yJTdRfCQIYRGvD_StXuB08
229,'101912344,BRIARMEADOW CHARTER,"3601 Dunvale Rd, Houston, Texas, 77063",'EE-08,-95.51399079,29.72603237,Briarmeadow,1/11/22 16:00,'101912344,BRIARMEADOW CHARTER,56,584,154,94,570,51,0,36,284,300,0,165,0,33,1,179,284,0,0,300,1,338,584,28,184,HOUSTON ISD,'101912,both,ChIJrTLELqzDQIYR3mVsVT_Cgwo
230,'101912345,EAST EARLY COLLEGE H S,"220 N Milby St, Houston, Texas, 77003",'09-12,-95.33385455,29.75221349,East EC HS,1/11/22 15:30,'101912345,EAST EARLY COLLEGE H S,15,446,12,-1,-1,14,0,1,368,235,0,418,5,1,0,35,211,0,0,78,1,154,446,0,1,HOUSTON ISD,'101912,both,ChIJxzYIzsG-QIYRrSN3Af99-H4
231,'101912348,HOUSTON ACADEMY FOR INTERNATIONAL STUDIES,"1810 Stuart St, Houston, Texas, 77004",'09-12,-95.3702647,29.73652291,HAIS HS,1/11/22 15:30,'101912348,HOUSTON ACADEMY FOR INTERNATIONAL,33,499,9,30,397,193,0,5,339,365,0,259,0,2,1,15,134,1,0,160,0,79,499,4,33,HOUSTON ISD,'101912,both,ChIJfeHWmA2_QIYRFHqTUcge75A
232,'101912350,ENERGIZED FOR EXCELLENCE ACADEMY ECC,"7419 Ashcroft Dr, Houston, Texas, 77081",'PK,-95.49075607,29.69777802,Energized ECC,1/11/22 16:00,'101912350,ENERGIZED FOR EXCELLENCE ACADEMY E,0,265,8,0,111,101,0,0,255,137,0,152,0,10,0,155,128,0,1,10,0,227,265,0,4,HOUSTON ISD,'101912,both,ChIJxwpixRfCQIYR8wLwj-8dH2g
233,'101912351,HARPER DAEP,"4425 N Shepherd Dr, Houston, Texas, 77018",'06-12,-95.41074745,29.82981299,Harper DAEP,1/11/22 15:30,'101912351,HARPER DAEP,0,16,0,.,.,8,0,2,16,3,0,8,0,0,0,2,13,0,0,0,0,14,16,0,0,HOUSTON ISD,'101912,both,ChIJq6qqYbzYQIYRZMTiYukrPgE
234,'101912352,FARIAS EARLY CHILDHOOD CENTER,"515 E Rittenhouse St, Houston, Texas, 77076",'EE-PK,-95.39234088,29.86439332,Farias ECC,1/11/22 15:00,'101912352,FARIAS EARLY CHILDHOOD CENTER,0,353,0,0,73,14,0,0,353,195,0,331,61,12,1,237,158,0,0,0,0,352,353,0,7,HOUSTON ISD,'101912,both,ChIJezMLkf-3QIYRHGHiVfIowOA
235,'101912353,SCHOOL AT ST GEORGE PLACE,"5430 Hidalgo St, Houston, Texas, 77056",'EE-05,-95.47238763,29.73533624,School at St. George ES,1/11/22 15:00,'101912353,SCHOOL AT ST GEORGE PLACE,28,753,140,146,674,136,0,21,350,383,0,276,0,79,3,269,370,0,1,403,2,329,753,33,163,HOUSTON ISD,'101912,both,ChIJiSFbYGPBQIYRZkVg4SRzQCk
236,'101912354,MISTRAL CENTER FOR EARLY CHILDHOOD,"6203 Jessamine St, Houston, Texas, 77081",'EE-KG,-95.49132059,29.70181537,Mistral ECC,1/11/22 15:00,'101912354,MISTRAL CENTER FOR EARLY CHILDHOOD,0,263,14,267,349,33,0,0,253,128,0,206,8,29,1,214,135,0,0,10,0,253,263,1,8,HOUSTON ISD,'101912,both,ChIJhfnYsj3CQIYRbX_7zjqMLtA
237,'101912355,KING EARLY CHILDHOOD CTR,"3930 W Fuqua St, Houston, Texas, 77045",'EE-KG,-95.4364457,29.6135461,MLK ECC,1/11/22 15:00,'101912355,KING EARLY CHILDHOOD CTR,0,279,0,331,401,155,0,0,279,152,0,121,7,2,0,75,127,0,0,0,0,247,279,1,2,HOUSTON ISD,'101912,both,ChIJo7JFqKDrQIYR4rcDmCx0wjg
238,'101912357,LAURENZO EARLY CHILDHOOD CTR,"205 N Delmar St, Houston, Texas, 77011",'EE-KG,-95.31953357,29.74629855,Laurenzo ECC,1/11/22 15:00,'101912357,LAURENZO EARLY CHILDHOOD CTR,0,207,0,203,317,4,0,0,203,99,0,196,0,1,1,111,108,0,0,4,0,198,207,3,3,HOUSTON ISD,'101912,both,ChIJkXTW85m-QIYRy_qktnvfKec
239,'101912358,COOK JR EL,"7115 Lockwood Dr, Houston, Texas, 77016",'EE-05,-95.31867568,29.82422972,Cook ES,1/11/22 15:00,'101912358,COOK JR EL,13,520,1,179,557,309,0,11,508,239,0,193,2,0,1,123,281,1,0,12,0,240,520,5,11,HOUSTON ISD,'101912,both,ChIJkwC-I4O5QIYRpOBOoBndThA
240,'101912359,MORENO EL,"620 E Canino Rd, Houston, Texas, 77037",'EE-05,-95.38996368,29.87553618,Moreno ES,1/11/22 15:00,'101912359,MORENO EL,3,703,3,89,611,14,0,3,698,358,0,678,0,28,0,450,345,0,0,5,0,510,703,1,7,HOUSTON ISD,'101912,both,ChIJ4baJ0_y3QIYRjdadNK_tYhE
241,'101912360,BELLFORT EARLY CHILDHOOD CENTER,"7647 Bellfort St, Houston, Texas, 77061",'EE-KG,-95.28375801,29.6723775,Bellfort ECC,1/11/22 15:00,'101912360,BELLFORT EARLY CHILDHOOD CENTER,0,347,1,33,177,64,0,0,344,164,0,269,0,9,1,207,183,0,0,3,0,276,347,2,10,HOUSTON ISD,'101912,both,ChIJzRbRriSWQIYRU6oSnqynOLg
242,'101912364,ENERGIZED FOR EXCELLENCE ACADEMY EL,"6201 Bissonnet St, Houston, Texas, 77081",'KG-05,-95.49115689,29.69569583,Energized ES,1/11/22 16:00,'101912364,ENERGIZED FOR EXCELLENCE ACADEMY E,2,1467,7,198,1367,200,0,8,1431,735,0,1249,1,130,5,1136,732,0,0,36,0,1197,1467,1,5,HOUSTON ISD,'101912,both,ChIJ2yJTdRfCQIYRGvD_StXuB08
243,'101912369,GROSS EL,"12583 S Gessner Dr, Houston, Texas, 77071",'EE-05,-95.5294987,29.63843326,Gross ES,1/11/22 15:00,'101912369,GROSS EL,8,534,7,108,520,241,0,6,512,260,0,272,10,9,0,210,274,1,0,22,0,304,534,3,11,HOUSTON ISD,'101912,both,ChIJhYM51VHoQIYRvRu6HdnrK2g
244,'101912372,RODRIGUEZ EL,"5858 Chimney Rock Rd, Houston, Texas, 77081",'EE-05,-95.47654606,29.71854511,Rodriguez ES,1/11/22 15:00,'101912372,RODRIGUEZ EL,3,961,38,168,838,70,0,10,945,456,0,841,8,215,1,803,505,2,0,16,1,845,961,2,8,HOUSTON ISD,'101912,both,ChIJbbGpkYDBQIYRpiGTdlQOkwE
245,'101912373,SEGUIN EL,"5905 Waltrip St, Houston, Texas, 77087",'EE-05,-95.30657892,29.6782924,Seguin ES,1/11/22 15:00,'101912373,SEGUIN EL,6,441,0,84,448,37,0,7,413,227,0,399,0,23,0,255,214,1,0,28,0,303,441,1,4,HOUSTON ISD,'101912,both,ChIJq55CEAGWQIYRzSmuc_7EbhI
246,'101912374,TINSLEY EL,"11035 Bob White Dr, Houston, Texas, 77096",'EE 01-05,-95.50107243,29.65891801,Tinsley ES,1/11/22 15:00,'101912374,TINSLEY EL,8,580,1,124,539,57,0,3,574,297,0,518,1,127,1,482,283,0,0,6,0,511,580,2,1,HOUSTON ISD,'101912,both,ChIJk_oETMLpQIYRaolHaDOkZgc
247,'101912380,R D S P D,"4040 W Fuqua St, Houston, Texas, 77045",'EE,-95.43811101,29.61352745,R D S P D,1/11/22 15:30,'101912380,R D S P D,0,30,1,0,21,3,0,0,8,17,0,17,0,0,0,0,13,0,0,22,0,0,0,0,9,HOUSTON ISD,'101912,both,ChIJhW0aLKfrQIYRKMaV6AyHhjc
248,'101912382,REAGAN K-8 EDUCATIONAL CTR,"4842 Anderson Rd, Houston, Texas, 77053",'EE-08,-95.45344956,29.60598989,Reagan Ed Ctr PK-8,1/11/22 16:00,'101912382,REAGAN K-8 EDUCATIONAL CTR,25,874,3,171,888,248,12,23,818,392,0,613,4,22,1,456,482,4,0,56,0,542,874,2,7,HOUSTON ISD,'101912,both,ChIJH6vjTffrQIYRfcQhdXs0ZcI
249,'101912383,DEANDA EL,"7980 Almeda Genoa Rd, Houston, Texas, 77075",'EE-05,-95.27965122,29.62561268,DeAnda ES,1/11/22 15:00,'101912383,DEANDA EL,5,603,6,114,593,25,0,13,552,293,0,561,13,23,0,373,310,0,0,51,0,414,603,2,9,HOUSTON ISD,'101912,both,ChIJE-PQ8u-WQIYRKq_3y-sHNxM
250,'101912389,KETELSEN EL,"600 Quitman St, Houston, Texas, 77009",'EE-05,-95.36224926,29.78132464,Ketelsen ES,1/11/22 15:00,'101912389,KETELSEN EL,8,511,0,57,465,13,0,15,487,268,0,492,1,12,0,206,243,0,0,24,0,283,511,1,5,HOUSTON ISD,'101912,both,ChIJoS6EOM64QIYRd94oAySDhGs
251,'101912390,ENERGIZED FOR STEM ACADEMY MIDDLE,"7055 Beechnut St, Houston, Texas, 77074",'06-08,-95.50749917,29.69187217,ENERGIZED FOR STEM ACADEMY MS,1/11/22 16:00,'101912390,ENERGIZED FOR STEM ACADEMY MIDDLE,4,432,10,11,91,50,0,7,424,211,0,360,0,18,0,283,221,1,0,8,0,297,432,1,11,HOUSTON ISD,'101912,both,ChIJoZ8sOm_CQIYRowle7GmahM0
252,'101912394,NEFF EL,"8301 Neff St, Houston, Texas, 77036",'02-05,-95.53165699,29.69958302,Neff ES,1/11/22 15:00,'101912394,NEFF EL,16,750,51,76,595,52,0,8,703,371,0,630,9,56,0,539,379,3,0,47,0,562,750,1,16,HOUSTON ISD,'101912,both,ChIJpcCr9e3CQIYRE9qCGoJdjek
253,'101912395,HINES-CALDWELL,"5515 W Orem Dr, Houston, Texas, 77085",'EE-05,-95.4721982,29.62747376,Hines-Caldwell ES,1/11/22 15:00,'101912395,HINES-CALDWELL,12,723,5,87,685,128,0,23,669,377,0,582,5,14,0,441,346,2,0,54,0,509,723,4,4,HOUSTON ISD,'101912,both,ChIJo5zLf9TrQIYROu4TQ9zrLo8
254,'101912396,RAY DAILY EL,"12909 Briar Forest Dr, Houston, Texas, 77077",'EE-05,-95.61563268,29.75438336,Daily ES,1/11/22 15:00,'101912396,RAY DAILY EL,9,718,108,210,672,209,0,7,429,354,0,269,0,128,3,289,364,0,0,289,1,367,718,19,109,HOUSTON ISD,'101912,both,ChIJTYg1inDcQIYRoniBcWpV0gU
255,'101912402,SECONDARY DAEP,"1510 Jensen Dr, Houston, Texas, 77020",'06-12,-95.34177252,29.77498101,Secondary DAEP,1/11/22 16:00,'101912402,SECONDARY DAEP,0,9,0,.,.,6,12,0,8,3,0,2,0,0,0,0,6,0,0,1,0,9,9,0,1,HOUSTON ISD,'101912,both,ChIJS3WjpTK5QIYRgW98k5Q4Yv0
256,'101912456,H S AHEAD ACADEMY,"5320 Yale St, Houston, Texas, 77091",'06-08,-95.40287441,29.84431988,High School Ahead Acad MS,1/11/22 16:40,'101912456,H S AHEAD ACADEMY,22,160,0,97,165,89,17,12,159,62,0,68,22,0,0,30,98,0,0,1,0,132,160,2,1,HOUSTON ISD,'101912,both,ChIJEyrORPLHQIYRrnokhKK1Fzo
257,'101912458,MICKEY LELAND COLLEGE PREP ACAD FOR YOUNG MEN,"1700 Gregg St, Houston, Texas, 77020",'06-12,-95.33575331,29.77677264,Leland YMCPA,1/11/22 16:10,'101912458,MICKEY LELAND COLLEGE PREP ACAD FO,25,458,3,68,434,241,0,8,290,0,0,201,0,1,0,36,458,0,0,168,0,113,458,4,9,HOUSTON ISD,'101912,both,ChIJrapM9DS5QIYRUE_JDCzqQ40
259,'101912460,MANDARIN IMMERSION MAGNET SCHOOL,"5445 W Alabama St, Houston, Texas, 77056",'PK-08,-95.47242258,29.73791904,Mandarin Immersion Magnet,1/11/22 16:00,'101912460,MANDARIN IMMERSION MAGNET SCHOOL,28,726,319,98,656,108,0,9,199,373,0,125,0,7,0,90,353,0,0,527,1,154,0,79,94,HOUSTON ISD,'101912,both,ChIJ3fJhvaLBQIYRhI1fvgpqpQU
260,'101912463,YOUNG WOMEN'S COLLEGE PREP ACADEMY,"1906 Cleburne St, Houston, Texas, 77004",'06-12,-95.37391955,29.73146845,YWCPA,1/11/22 16:10,'101912463,YOUNG WOMEN'S COLLEGE PREP ACADEMY,32,541,7,83,487,281,0,10,363,540,0,224,3,0,3,29,1,0,0,178,0,88,541,11,15,HOUSTON ISD,'101912,both,ChIJx2_J63S_QIYRtgg_lTflPLk
262,'101912467,BAYLOR COLLEGE OF MEDICINE ACADEMY AT RYAN,"2610 Elgin St, Houston, Texas, 77004",'06-08,-95.36265402,29.73293432,Baylor College MS,1/11/22 16:00,'101912467,BAYLOR COLLEGE OF MEDICINE ACADEMY,27,621,33,46,443,299,0,11,479,319,0,259,1,1,1,51,302,0,0,142,0,87,621,5,24,HOUSTON ISD,'101912,both,ChIJv8PtTw-_QIYR7Ka1y7O2G68
263,'101912468,ENERGY INSTITUTE H S,"3501 Southmore Blvd, Houston, Texas, 77004",'09-12,-95.35952044,29.71388334,Energy Inst HS,1/11/22 15:10,'101912468,ENERGY INSTITUTE H S,92,763,26,62,584,204,14,31,385,247,0,363,3,1,2,34,516,1,0,378,0,231,763,14,154,HOUSTON ISD,'101912,both,ChIJG0AeM_2-QIYRG5I-GjS6HW4
264,'101912470,FONWOOD EARLY CHILDHOOD CTR,"9709 Mesa Dr, Houston, Texas, 77078",'EE-KG,-95.26245625,29.85417935,Fonwood ECC,1/11/22 15:00,'101912470,FONWOOD EARLY CHILDHOOD CTR,1,360,0,422,533,228,0,0,360,190,6,130,8,3,0,110,170,1,1,0,1,314,360,0,1,HOUSTON ISD,'101912,both,ChIJgRPZHYm6QIYRxUilFrfnKyo
265,'101912473,HILLIARD EL,"8115 E Houston Rd, Houston, Texas, 77028",'EE-05,-95.26822299,29.83868301,Hilliard ES,1/11/22 15:00,'101912473,HILLIARD EL,15,542,1,131,482,368,0,8,525,288,4,160,18,2,1,79,254,0,0,17,0,247,542,5,7,HOUSTON ISD,'101912,both,ChIJOfYn247NQIYR7Wh-nh4bJHw
266,'101912475,ELMORE EL,"8200 Tate St, Houston, Texas, 77028",'EE-05,-95.2749022,29.8101016,Elmore ES,1/11/22 15:00,'101912475,ELMORE EL,10,607,1,134,549,270,1,5,595,287,2,328,20,23,0,239,320,1,0,12,0,333,607,2,6,HOUSTON ISD,'101912,both,ChIJCxfNyaW7QIYRzudOw5506Wo
267,'101912476,FOREST BROOK MIDDLE,"7525 Tidwell Rd, Houston, Texas, 77016",'06-08,-95.29399575,29.84879326,Forest Brook MS,1/11/22 16:00,'101912476,FOREST BROOK MIDDLE,30,803,1,108,529,474,30,23,791,390,1,314,59,5,3,171,413,2,0,12,0,357,803,1,10,HOUSTON ISD,'101912,both,ChIJw7AuAhS6QIYRZLDl-q2m7Rw
268,'101912477,NORTH FOREST H S,"10726 Mesa Dr, Houston, Texas, 77078",'09-12,-95.25981603,29.86777701,North Forest HS,1/11/22 16:10,'101912477,NORTH FOREST H S,18,969,1,168,783,550,50,30,928,482,1,404,177,18,3,169,487,0,0,41,0,616,969,1,10,HOUSTON ISD,'101912,both,ChIJ_____36wQIYRYlXH_-8p5cQ
269,'101912478,ARABIC IMMERSION MAGNET SCHOOL,"4001 Stanford St, Houston, Texas, 77006",'PK-06,-95.38884495,29.73719886,Arabic Immersion,1/11/22 15:00,'101912478,ARABIC IMMERSION MAGNET SCHOOL,10,481,53,64,407,104,0,8,251,242,0,109,0,11,0,125,239,0,0,230,0,176,481,20,195,HOUSTON ISD,'101912,both,ChIJkRvaYXPHQIYRJ4koRgqKcO4
270,'101912479,SHADYDALE EL,"5905 Tidwell Rd, Houston, Texas, 77016",'EE KG-05,-95.31144151,29.84846197,Shadydale ES,1/11/22 15:00,'101912479,SHADYDALE EL,24,781,1,182,741,478,0,10,768,402,0,288,3,8,1,190,379,1,0,13,0,336,781,5,8,HOUSTON ISD,'101912,both,ChIJF-Ryv_W5QIYRBO7KmqBoi5U
271,'101912480,MARSHALL EL,"6200 Winfield Rd, Houston, Texas, 77050",'EE KG-05,-95.29764289,29.89928685,Marshall ES,1/11/22 15:00,'101912480,MARSHALL EL,10,767,0,125,726,235,0,11,750,367,0,519,0,14,1,419,400,1,0,17,1,485,767,2,9,HOUSTON ISD,'101912,both,ChIJnzoOyMWwQIYRjnF7i0PDq6A
272,'101912483,MARK WHITE EL,"2515 Old Farm Rd, Houston, Texas, 77063",'EE-05,-95.51100331,29.74071264,White M ES,1/11/22 15:00,'101912483,MARK WHITE EL,14,631,95,166,627,127,0,10,450,316,0,257,0,64,5,305,315,0,0,181,1,366,631,12,134,HOUSTON ISD,'101912,both,ChIJed5dHqPDQIYRn-CBRQWax_A
273,'101912484,MIDDLE COLLEGE H S AT HCC GULFTON,"5407 Gulfton St, Houston, Texas, 77081",'09-12,-95.47464446,29.71641795,Middle College HS - Gulfton,1/11/22 16:10,'101912484,MIDDLE COLLEGE H S AT HCC GULFTON,3,128,1,58,138,20,1,1,124,64,0,103,1,0,0,31,64,1,0,4,1,105,128,0,3,HOUSTON ISD,'101912,both,ChIJ7Zb80IbBQIYRDNmE11kjQYM
274,'101912485,MIDDLE COLLEGE H S AT HCC FRAGA,"301 N Drennan St, Houston, Texas, 77003",'09-12,-95.33169286,29.75179163,Middle College HS - Fraga,1/11/22 15:40,'101912485,MIDDLE COLLEGE H S AT HCC FRAGA,5,103,0,37,110,5,0,1,92,55,0,98,10,0,0,24,48,0,0,11,0,68,103,0,0,HOUSTON ISD,'101912,both,ChIJv-UZ9b--QIYRF6aziOTP424
275,'101912486,SOUTH EARLY COLLEGE H S,"1930 Airport Blvd, Houston, Texas, 77051",'09-12,-95.38954945,29.64342268,South EC HS,1/11/22 15:30,'101912486,SOUTH EARLY COLLEGE H S,26,427,9,31,331,199,0,6,355,242,0,209,2,0,0,40,185,1,0,72,2,138,427,0,8,HOUSTON ISD,'101912,both,ChIJ91yy-oWVQIYRT7dD3D7t5Rs