School Name,State Name [Public School] Latest available year,Latitude [Public School] 2019-20,Longitude [Public School] 2019-20,Charter School [Public School] 2019-20,Magnet School [Public School] 2019-20,Total Students All Grades (Includes AE) [Public School] 2019-20,Free and Reduced Lunch Students [Public School] 2019-20,State Abbr [Public School] Latest available year,School ID - NCES Assigned [Public School] Latest available year,Agency Name [Public School] 2019-20,Location Address 1 [Public School] 2019-20,Location Address 2 [Public School] 2019-20,Location City [Public School] 2019-20,Location State Abbr [Public School] 2019-20,Location ZIP [Public School] 2019-20,Location ZIP4 [Public School] 2019-20,Agency Type [District] 2019-20,School Level (SY 2017-18 onward) [Public School] 2019-20,American Indian/Alaska Native Students [Public School] 2019-20,Asian or Asian/Pacific Islander Students [Public School] 2019-20,Hispanic Students [Public School] 2019-20,Black or African American Students [Public School] 2019-20,White Students [Public School] 2019-20,Nat. Hawaiian or Other Pacific Isl. Students [Public School] 2019-20,Two or More Races Students [Public School] 2019-20,Total Race/Ethnicity [Public School] 2019-20,Full-Time Equivalent (FTE) Teachers [Public School] 2019-20,Pupil/Teacher Ratio [Public School] 2019-20
ALCOTT EL,Texas,29.667360,-95.329781,2-No,2-No,230,225,TX ,482364002385,HOUSTON ISD,5859 BELLFORT,†,HOUSTON,TX ,77033,2199,†,Elementary,0,0,77,149,1,0,3,230,15.89,14.47
ALMEDA EL,Texas,29.600293,-95.418075,2-No,2-No,847,809,TX ,482364002387,HOUSTON ISD,14249 BRIDGEPORT RD,†,HOUSTON,TX ,77047,5061,†,Elementary,1,7,632,197,7,0,3,847,43.5,19.47
ANDERSON EL,Texas,29.648928,-95.487132,2-No,2-No,760,648,TX ,482364002388,HOUSTON ISD,5727 LUDINGTON DR,†,HOUSTON,TX ,77035,4399,†,Elementary,0,14,593,134,15,2,2,760,43,17.67
ARABIC IMMERSION MAGNET SCHOOL,TEXAS,29.737146,-95.388448,2-No,1-Yes,407,218,TX ,482364013165,HOUSTON ISD,812 W 28TH ST,†,HOUSTON,TX ,77008,1710,†,Elementary,0,19,109,94,170,0,15,407,26,15.65
ASHFORD EL,Texas,29.746776,-95.597539,2-No,2-No,632,507,TX ,482364002389,HOUSTON ISD,1815 SHANNON VLY DR,†,HOUSTON,TX ,77077,4998,†,Elementary,0,16,249,295,57,0,15,632,38.53,16.4
ASKEW EL,Texas,29.751909,-95.577046,2-No,1-Yes,938,643,TX ,482364002390,HOUSTON ISD,11200 WOOD LODGE DR,†,HOUSTON,TX ,77077,4237,†,Elementary,4,92,321,370,128,0,23,938,51.83,18.1
ATHERTON EL,Texas,29.779724,-95.322092,2-No,1-Yes,569,565,TX ,482364002391,HOUSTON ISD,2011 SOLO ST,†,HOUSTON,TX ,77020,4223,†,Elementary,0,0,123,439,4,0,3,569,31,18.35
ATTUCKS MIDDLE,Texas,29.668966,-95.363625,2-No,2-No,425,407,TX ,482364002392,HOUSTON ISD,4330 BELLFORT BLVD,†,HOUSTON,TX ,77051,1802,†,Middle,0,2,121,294,2,0,6,425,38.53,11.03
AUSTIN H S,Texas,29.732475,-95.332135,2-No,1-Yes,1624,1535,TX ,482364002393,HOUSTON ISD,1700 DUMBLE,†,HOUSTON,TX ,77023,3139,†,High,4,0,1459,142,11,1,7,1624,96.92,16.76
BARRICK EL,Texas,29.874763,-95.370410,2-No,2-No,630,595,TX ,482364002394,HOUSTON ISD,12001 WINFREY LN,†,HOUSTON,TX ,77076,1239,†,Elementary,0,2,610,8,9,0,1,630,37.17,16.95
BASTIAN EL,Texas,29.668308,-95.349260,2-No,2-No,677,668,TX ,482364002395,HOUSTON ISD,5051 BELLFORT,†,HOUSTON,TX ,77033,3826,†,Elementary,0,1,232,434,1,0,9,677,37,18.3
BAYLOR COLLEGE OF MEDICINE ACADEMY AT RYAN,Texas,29.732536,-95.362810,2-No,1-Yes,632,463,TX ,482364012992,HOUSTON ISD,2610 ELGIN ST,†,HOUSTON,TX ,77004,3202,†,Middle,1,36,271,291,26,0,7,632,37.81,16.72
BAYLOR COLLEGE OF MEDICINE BIOTECH ACADEMY AT RUSK,Texas,29.753366,-95.344679,2-No,1-Yes,418,373,TX ,482364002574,HOUSTON ISD,2805 GARROW ST,†,HOUSTON,TX ,77003,2323,†,Middle,2,4,305,97,9,0,1,418,28,14.93
BELL EL,Texas,29.643761,-95.549217,2-No,1-Yes,719,626,TX ,482364002396,HOUSTON ISD,12323 SHAFTSBURY DR,†,HOUSTON,TX ,77031,3123,†,Elementary,3,9,484,194,22,0,7,719,43,16.72
BELLAIRE H S,Texas,29.692163,-95.469159,2-No,1-Yes,3450,1617,TX ,482364002397,HOUSTON ISD,5100 MAPLE,†,BELLAIRE,TX ,77401,4936,†,High,11,443,1417,723,782,4,70,3450,179.39,19.23
BELLFORT EARLY CHILDHOOD CENTER,Texas,29.672876,-95.283729,2-No,2-No,373,372,TX ,482364007940,HOUSTON ISD,7647 BELLFORT,†,HOUSTON,TX ,77061,1703,†,Elementary,0,2,288,77,5,1,0,373,22.82,16.35
BENAVIDEZ EL,Texas,29.717086,-95.492222,2-No,2-No,1075,1062,TX ,482364001389,HOUSTON ISD,6262 GULFTON ST,†,HOUSTON,TX ,77081,2306,†,Elementary,0,158,772,106,34,0,5,1075,52.29,20.56
BENBROOK EL,Texas,29.826959,-95.481180,2-No,2-No,576,486,TX ,482364002398,HOUSTON ISD,4026 BOLIN RD,†,HOUSTON,TX ,77092,4711,†,Elementary,7,3,527,26,10,0,3,576,29.64,19.43
BERRY EL,Texas,29.836847,-95.350322,2-No,1-Yes,825,818,TX ,482364002399,HOUSTON ISD,2310 BERRY RD,†,HOUSTON,TX ,77093,7418,†,Elementary,0,3,778,37,7,0,0,825,46.83,17.62
BLACK MIDDLE,Texas,29.828626,-95.439907,2-No,1-Yes,1302,659,TX ,482364002400,HOUSTON ISD,1575 CHANTILLY,†,HOUSTON,TX ,77018,4150,†,Middle,1,14,808,177,268,1,33,1302,65,20.03
BLACKSHEAR EL,Texas,29.729412,-95.361854,2-No,1-Yes,425,421,TX ,482364002401,HOUSTON ISD,2900 HOLMAN AVE,†,HOUSTON,TX ,77004,3240,†,Elementary,1,1,51,365,0,0,7,425,26.75,15.89
BONHAM EL,Texas,29.687680,-95.519647,2-No,2-No,965,947,TX ,482364002402,HOUSTON ISD,8302 BRAES RIVER DR,†,HOUSTON,TX ,77074,4212,†,Elementary,1,12,796,141,13,0,2,965,59,16.36
BONNER EL,Texas,29.676505,-95.260154,2-No,2-No,772,716,TX ,482364002403,HOUSTON ISD,8100 ELROD ST,†,HOUSTON,TX ,77017,5216,†,Elementary,2,8,742,11,8,0,1,772,46.43,16.63
BRAEBURN EL,Texas,29.653218,-95.529156,2-No,2-No,596,584,TX ,482364002405,HOUSTON ISD,7707 RAMPART ST,†,HOUSTON,TX ,77081,7105,†,Elementary,0,2,542,45,5,0,2,596,32,18.63
BRIARGROVE EL,Texas,29.749385,-95.490899,2-No,2-No,904,293,TX ,482364002406,HOUSTON ISD,6145 SAN FELIPE ST,†,HOUSTON,TX ,77057,2899,†,Elementary,3,182,272,90,321,1,35,904,47.29,19.12
BRIARMEADOW CHARTER,Texas,29.726048,-95.512583,2-No,2-No,619,331,TX ,482364008611,HOUSTON ISD,3601 DUNVALE,†,HOUSTON,TX ,77063,5707,†,Elementary,2,141,202,60,179,1,34,619,37.82,16.37
BRISCOE EL,Texas,29.729724,-95.297951,2-No,2-No,271,252,TX ,482364002407,HOUSTON ISD,321 FOREST HILL,†,HOUSTON,TX ,77011,4801,†,Elementary,1,0,265,2,3,0,0,271,19.82,13.67
BROOKLINE EL,Texas,29.697999,-95.315038,2-No,2-No,877,875,TX ,482364002409,HOUSTON ISD,6301 S LOOP E,†,HOUSTON,TX ,77087,1933,†,Elementary,0,2,845,21,9,0,0,877,53.83,16.29
BROWNING EL,Texas,29.797117,-95.378374,2-No,2-No,531,489,TX ,482364002410,HOUSTON ISD,607 NORTHWOOD ST,†,HOUSTON,TX ,77009,4510,†,Elementary,0,1,502,14,13,0,1,531,29.82,17.81
BRUCE EL,Texas,29.766889,-95.342069,2-No,1-Yes,435,424,TX ,482364002411,HOUSTON ISD,510 JENSEN DR,†,HOUSTON,TX ,77020,5834,†,Elementary,0,4,131,296,0,0,4,435,29.54,14.73
BURBANK EL,Texas,29.845218,-95.373043,2-No,1-Yes,911,879,TX ,482364002412,HOUSTON ISD,216 TIDWELL,†,HOUSTON,TX ,77022,2046,†,Elementary,2,4,775,116,13,0,1,911,55.5,16.41
BURBANK MIDDLE,Texas,29.838473,-95.370528,2-No,1-Yes,1538,1479,TX ,482364002413,HOUSTON ISD,315 BERRY RD,†,HOUSTON,TX ,77022,3209,†,Middle,3,1,1451,71,12,0,0,1538,79.82,19.27
BURNET EL,Texas,29.745997,-95.317873,2-No,2-No,446,416,TX ,482364002414,HOUSTON ISD,5403 CANAL ST,†,HOUSTON,TX ,77011,2307,†,Elementary,0,1,430,7,8,0,0,446,28,15.93
BURRUS EL,Texas,29.817278,-95.390304,2-No,1-Yes,373,359,TX ,482364002415,HOUSTON ISD,701 E 33RD ST,†,HOUSTON,TX ,77022,5101,†,Elementary,1,0,117,249,5,0,1,373,22,16.95
BUSH EL,Texas,29.759422,-95.631912,2-No,2-No,894,161,TX ,482364001308,HOUSTON ISD,13800 WESTERLOCH DR,†,HOUSTON,TX ,77077,,†,Elementary,3,360,215,80,212,0,24,894,44,20.32
CAGE EL,Texas,29.734833,-95.333742,2-No,2-No,515,460,TX ,482364005999,HOUSTON ISD,4528 LEELAND ST,†,HOUSTON,TX ,77023,3047,†,Elementary,1,4,488,12,9,0,1,515,31,16.61
CARNEGIE VANGUARD H S,Texas,29.754301,-95.385158,2-No,1-Yes,854,259,TX ,482364009273,HOUSTON ISD,1501 TAFT,†,HOUSTON,TX ,77019,4507,†,High,1,255,282,88,191,3,34,854,35,24.4
CARRILLO EL,Texas,29.728441,-95.310792,2-No,1-Yes,533,456,TX ,482364004598,HOUSTON ISD,960 S WAYSIDE DR,†,HOUSTON,TX ,77023,3412,†,Elementary,0,1,510,9,12,0,1,533,31.32,17.02
CHALLENGE EARLY COLLEGE H S,Texas,29.721540,-95.457213,2-No,1-Yes,473,344,TX ,482364009609,HOUSTON ISD,5601 W LOOP S,†,HOUSTON,TX ,77081,2221,†,High,1,24,346,56,42,0,4,473,18.18,26.02
CHAVEZ H S,Texas,29.686956,-95.254541,2-No,1-Yes,2784,2488,TX ,482364008815,HOUSTON ISD,8501 HOWARD,†,HOUSTON,TX ,77017,3829,†,High,2,110,2386,257,24,4,1,2784,146.77,18.97
CLIFTON MIDDLE,Texas,29.842453,-95.479228,2-No,1-Yes,622,586,TX ,482364005497,HOUSTON ISD,6001 GOLDEN FOREST DR,†,HOUSTON,TX ,77092,2359,†,Middle,0,6,490,99,22,0,5,622,39.69,15.67
CODWELL EL,Texas,29.634065,-95.345716,2-No,1-Yes,401,367,TX ,482364002420,HOUSTON ISD,5225 TAVENOR LN,†,HOUSTON,TX ,77048,1701,†,Elementary,1,0,26,368,4,2,0,401,29.82,13.45
COMMUNITY SERVICES-SEC,Texas,29.732231,-95.328449,2-No,2-No,138,68,TX ,482364006270,HOUSTON ISD,1102 TELEPHONE RD,†,HOUSTON,TX ,77023,3126,†,Other,1,3,72,43,15,0,4,138,34.48,4
CONDIT EL,Texas,29.703866,-95.467227,2-No,2-No,785,303,TX ,482364002423,HOUSTON ISD,7000 S THIRD,†,BELLAIRE,TX ,77401,4496,†,Elementary,1,159,275,54,260,2,34,785,44.82,17.51
COOK JR EL,Texas,29.824260,-95.319290,2-No,1-Yes,653,646,TX ,482364010748,HOUSTON ISD,7115 LOCKWOOD,†,HOUSTON,TX ,77016,7027,†,Elementary,2,1,242,387,18,0,3,653,40.01,16.32
COOP EL,Texas,29.858362,-95.348486,2-No,2-No,739,706,TX ,482364002428,HOUSTON ISD,10130 ALDINE WESTFIELD RD,†,HOUSTON,TX ,77093,5449,†,Elementary,0,0,649,74,13,0,3,739,44.12,16.75
CORNELIUS EL,Texas,29.677552,-95.294357,2-No,1-Yes,868,816,TX ,482364002429,HOUSTON ISD,7475 WESTOVER ST,†,HOUSTON,TX ,77087,6113,†,Elementary,1,7,723,127,6,0,4,868,44,19.73
CRESPO EL,Texas,29.699392,-95.288443,2-No,1-Yes,730,700,TX ,482364001348,HOUSTON ISD,7500 OFFICE CITY DR,†,HOUSTON,TX ,77012,4115,†,Elementary,0,3,720,4,3,0,0,730,45.5,16.04
CROCKETT EL,Texas,29.774061,-95.380482,2-No,1-Yes,562,363,TX ,482364002431,HOUSTON ISD,2112 CROCKETT ST,†,HOUSTON,TX ,77007,3923,†,Elementary,1,14,433,62,37,2,13,562,32.72,17.18
CULLEN MIDDLE,Texas,29.691046,-95.363975,2-No,2-No,367,358,TX ,482364002432,HOUSTON ISD,6900 SCOTT ST,†,HOUSTON,TX ,77021,4851,†,Middle,1,1,61,298,3,0,3,367,34.31,10.7
CUNNINGHAM EL,Texas,29.717932,-95.468818,2-No,2-No,702,667,TX ,482364002433,HOUSTON ISD,5100 GULFTON ST,†,HOUSTON,TX ,77081,2906,†,Elementary,2,27,550,105,18,0,0,702,40.82,17.2
DAVILA EL,Texas,29.713984,-95.284874,2-No,1-Yes,448,424,TX ,482364006864,HOUSTON ISD,7610 DAHLIA ST,†,HOUSTON,TX ,77012,3000,†,Elementary,0,0,439,5,4,0,0,448,26.96,16.62
DE CHAUMES EL,Texas,29.861169,-95.376792,2-No,2-No,854,814,TX ,482364002436,HOUSTON ISD,155 COOPER,†,HOUSTON,TX ,77076,2541,†,Elementary,0,0,844,4,5,0,1,854,47,18.17
DE ZAVALA EL,Texas,29.737320,-95.289285,2-No,1-Yes,571,521,TX ,482364002437,HOUSTON ISD,7521 AVE H,†,HOUSTON,TX ,77012,1199,†,Elementary,0,2,558,8,3,0,0,571,31.63,18.05
DEADY MIDDLE,Texas,29.704376,-95.278801,2-No,2-No,701,673,TX ,482364002435,HOUSTON ISD,2500 BROADWAY ST,†,HOUSTON,TX ,77012,3814,†,Middle,1,1,688,9,2,0,0,701,38.52,18.2
DEANDA EL,Texas,29.625106,-95.279632,2-No,2-No,696,666,TX ,482364012088,HOUSTON ISD,7980 ALMEDA GENOA RD,†,HOUSTON,TX ,77075,2006,†,Elementary,0,5,655,24,9,0,3,696,39,17.85
DEBAKEY H S FOR HEALTH PROF,Texas,29.705215,-95.408492,2-No,1-Yes,871,364,TX ,482364002483,HOUSTON ISD,2545 PRESSLER,†,HOUSTON,TX ,77030,3713,†,High,6,269,311,153,115,3,14,871,50,17.42
DOGAN EL,Texas,29.785050,-95.328370,2-No,2-No,616,612,TX ,482364002439,HOUSTON ISD,4202 LIBERTY RD,†,HOUSTON,TX ,77026,5824,†,Elementary,0,0,422,185,2,1,6,616,36.1,17.06
DURHAM EL,Texas,29.836031,-95.417114,2-No,1-Yes,626,364,TX ,482364002444,HOUSTON ISD,4803 BRINKMAN ST,†,HOUSTON,TX ,77018,2021,†,Elementary,0,3,380,74,161,0,8,626,35.13,17.82
DURKEE EL,Texas,29.866454,-95.392103,2-No,2-No,568,531,TX ,482364002445,HOUSTON ISD,7301 NORDLING,†,HOUSTON,TX ,77076,1636,†,Elementary,0,0,472,74,16,0,6,568,30.52,18.61
EAST EARLY COLLEGE H S,Texas,29.752013,-95.333571,2-No,1-Yes,457,394,TX ,482364011262,HOUSTON ISD,220 N MILBY ST,†,HOUSTON,TX ,77003,2708,†,High,1,12,427,13,3,1,0,457,19.99,22.86
EASTWOOD ACADEMY,Texas,29.735525,-95.328258,2-No,2-No,447,342,TX ,482364007928,HOUSTON ISD,1315 DUMBLE,†,HOUSTON,TX ,77023,1902,†,High,2,8,422,3,11,0,1,447,22.54,19.83
EDISON MIDDLE,Texas,29.742044,-95.300106,2-No,2-No,665,627,TX ,482364002447,HOUSTON ISD,6901 AVE I,†,HOUSTON,TX ,77011,2629,†,Middle,1,0,654,7,1,0,2,665,42.82,15.53
EL DAEP,Texas,29.781289,-95.306335,2-No,2-No,1,‡,TX ,482364012656,HOUSTON ISD,6411 LAREDO ST,†,HOUSTON,TX ,77020,4930,†,Elementary,0,0,0,1,0,0,0,1,3.82,0.26
ELIOT EL,Texas,29.781289,-95.306335,2-No,2-No,602,561,TX ,482364002449,HOUSTON ISD,6411 LAREDO ST,†,HOUSTON,TX ,77020,4930,†,Elementary,0,2,587,6,7,0,0,602,35.8,16.82
ELMORE EL,Texas,29.809235,-95.275528,2-No,2-No,656,652,TX ,482364012912,HOUSTON ISD,8200 TATE ST,†,HOUSTON,TX ,77028,5532,†,Elementary,0,0,354,289,11,0,2,656,37.43,17.53
ELROD EL,Texas,29.671477,-95.501674,2-No,1-Yes,780,753,TX ,482364002450,HOUSTON ISD,6230 DUMFRIES DR,†,HOUSTON,TX ,77096,4603,†,Elementary,3,27,572,167,10,0,1,780,45.01,17.33
EMERSON EL,Texas,29.726511,-95.534225,2-No,2-No,942,875,TX ,482364002451,HOUSTON ISD,9533 SKYLINE DR,†,HOUSTON,TX ,77063,5215,†,Elementary,1,68,608,148,114,1,2,942,48,19.63
ENERGIZED FOR EXCELLENCE ACADEMY ECC,Texas,29.720371,-95.497004,1-Yes,2-No,554,545,TX ,482364010742,HOUSTON ISD,6400 S W FWY,†,HOUSTON,TX ,77074,6801,†,Prekindergarten,0,26,305,217,4,0,2,554,21.32,25.98
ENERGIZED FOR EXCELLENCE ACADEMY EL,Texas,29.695460,-95.489507,1-Yes,2-No,1622,1569,TX ,482364007943,HOUSTON ISD,6201 BISSONNET,†,HOUSTON,TX ,77081,6809,†,Elementary,5,11,1415,183,7,0,1,1622,82.38,19.69
ENERGIZED FOR EXCELLENCE ACADEMY INC MIDDLE,Texas,29.695465,-95.489402,1-Yes,2-No,589,577,TX ,482364008610,HOUSTON ISD,6107 BISSONNET,†,HOUSTON,TX ,77081,6807,†,Middle,1,8,545,29,6,0,0,589,24.47,24.07
ENERGIZED FOR STEM ACADEMY SOUTHEAST H S,Texas,29.657819,-95.348089,1-Yes,2-No,307,300,TX ,482364012243,HOUSTON ISD,9220 JUTLAND RD,†,HOUSTON,TX ,77033,3905,†,High,0,2,283,20,2,0,0,307,16.94,18.12
ENERGIZED FOR STEM ACADEMY SOUTHEAST MIDDLE,Texas,29.691132,-95.507706,1-Yes,2-No,279,264,TX ,482364012609,HOUSTON ISD,7055 BEECHNUT,†,HOUSTON,TX ,77074,6003,†,Middle,1,8,249,12,9,0,0,279,11.57,24.11
ENERGIZED FOR STEM ACADEMY SOUTHWEST H S,Texas,29.657819,-95.348089,1-Yes,2-No,227,223,TX ,482364012269,HOUSTON ISD,9220 JUTLAND,†,HOUSTON,TX ,77081,3905,†,Secondary,0,2,215,10,0,0,0,227,9.39,24.17
ENERGIZED FOR STEM ACADEMY SOUTHWEST MIDDLE,Texas,29.691132,-95.507706,1-Yes,2-No,163,156,TX ,482364012383,HOUSTON ISD,7055 BEECHNUT,†,HOUSTON,TX ,77074,6003,†,Middle,0,0,145,17,1,0,0,163,9.54,17.09
ENERGY INSTITUTE H S,Texas,29.714550,-95.358791,2-No,1-Yes,741,358,TX ,482364013046,HOUSTON ISD,3501 SOUTHMORE BLVD,†,HOUSTON,TX ,77004,,†,High,2,27,363,206,133,0,10,741,40,18.53
FARIAS EARLY CHILDHOOD CENTER,Texas,29.865216,-95.391811,2-No,2-No,434,434,TX ,482364010743,HOUSTON ISD,515 E RITTENHOUSE,†,HOUSTON,TX ,77076,1607,†,Prekindergarten,1,3,419,8,3,0,0,434,23,18.87
FIELD EL,Texas,29.801252,-95.388827,2-No,2-No,434,328,TX ,482364002453,HOUSTON ISD,703 E 17TH ST,†,HOUSTON,TX ,77008,4414,†,Elementary,0,10,346,11,65,0,2,434,24,18.08
FLEMING MIDDLE,Texas,29.793130,-95.320753,2-No,1-Yes,438,421,TX ,482364002454,HOUSTON ISD,4910 COLLINGSWORTH ST,†,HOUSTON,TX ,77026,5150,†,Middle,1,0,151,283,2,0,1,438,31,14.13
FOERSTER EL,Texas,29.639195,-95.498373,2-No,2-No,757,751,TX ,482364002455,HOUSTON ISD,14200 FONMEADOW DR,†,HOUSTON,TX ,77035,5218,†,Elementary,2,19,266,452,13,0,5,757,50.32,15.04
FONDREN EL,Texas,29.628352,-95.498211,2-No,2-No,314,294,TX ,482364002456,HOUSTON ISD,12405 CARLSBAD ST,†,HOUSTON,TX ,77085,1224,†,Elementary,0,2,227,82,3,0,0,314,23.82,13.18
FONDREN MIDDLE,Texas,29.675307,-95.503862,2-No,1-Yes,1050,1008,TX ,482364002457,HOUSTON ISD,6333 S BRAESWOOD,†,HOUSTON,TX ,77096,3605,†,Middle,2,21,700,309,11,2,5,1050,52.73,19.91
FONVILLE MIDDLE,Texas,29.870810,-95.389471,2-No,2-No,726,721,TX ,482364002458,HOUSTON ISD,725 E LITTLE YORK RD,†,HOUSTON,TX ,77076,1626,†,Middle,4,1,660,46,14,0,1,726,48,15.13
FONWOOD EARLY CHILDHOOD CTR,Texas,29.854131,-95.264726,2-No,2-No,546,543,TX ,482364012945,HOUSTON ISD,9709 MESA DR,†,HOUSTON,TX ,77078,3005,†,Elementary,0,0,210,332,2,1,1,546,31,17.61
FOREST BROOK MIDDLE,Texas,29.850200,-95.293900,2-No,2-No,806,788,TX ,482364013060,HOUSTON ISD,7525 TIDWELL RD,†,HOUSTON,TX ,77016,4413,†,Middle,3,1,298,493,8,0,3,806,52.46,15.36
FOSTER EL,Texas,29.692299,-95.360895,2-No,2-No,458,453,TX ,482364002459,HOUSTON ISD,3919 WARD ST,†,HOUSTON,TX ,77021,4861,†,Elementary,0,1,50,399,2,1,5,458,24.82,18.45
FRANKLIN EL,Texas,29.739538,-95.298133,2-No,2-No,402,388,TX ,482364002460,HOUSTON ISD,7101 CANAL ST,†,HOUSTON,TX ,77011,2753,†,Elementary,0,0,397,4,1,0,0,402,24,16.75
FROST EL,Texas,29.620222,-95.336489,2-No,2-No,610,587,TX ,482364002461,HOUSTON ISD,5002 ALMEDA GENOA RD,†,HOUSTON,TX ,77048,4725,†,Elementary,1,0,170,427,2,0,10,610,30.46,20.03
FURR H S,Texas,29.779486,-95.249847,2-No,1-Yes,1125,1077,TX ,482364002462,HOUSTON ISD,520 MERCURY,†,HOUSTON,TX ,77013,5217,†,High,2,7,905,188,20,0,3,1125,62.02,18.14
GALLEGOS EL,Texas,29.733589,-95.292654,2-No,2-No,365,350,TX ,482364001373,HOUSTON ISD,7415 HARRISBURG BLVD,†,HOUSTON,TX ,77011,4740,†,Elementary,0,0,358,6,1,0,0,365,30,12.17
GARCIA EL,Texas,29.848901,-95.348273,2-No,2-No,550,540,TX ,482364001316,HOUSTON ISD,9550 ALDINE WESTFIELD RD,†,HOUSTON,TX ,77093,6211,†,Elementary,0,2,427,118,1,0,2,550,31.75,17.32
GARDEN OAKS MONTESSORI,Texas,29.822704,-95.413821,2-No,1-Yes,849,333,TX ,482364002463,HOUSTON ISD,901 SUE BARNETT DR,†,HOUSTON,TX ,77018,5415,†,Elementary,4,24,457,48,273,2,41,849,45.04,18.85
GARDEN VILLAS EL,Texas,29.661361,-95.303692,2-No,1-Yes,601,564,TX ,482364002464,HOUSTON ISD,7185 SANTA FE,†,HOUSTON,TX ,77061,2621,†,Elementary,1,0,448,140,9,0,3,601,36.53,16.45
GOLFCREST EL,Texas,29.688802,-95.295564,2-No,2-No,610,599,TX ,482364002466,HOUSTON ISD,7414 FAIRWAY DR,†,HOUSTON,TX ,77087,3623,†,Elementary,1,0,581,24,3,0,1,610,32.46,18.79
GREGG EL,Texas,29.673545,-95.308544,2-No,2-No,465,445,TX ,482364002469,HOUSTON ISD,6701 ROXBURY,†,HOUSTON,TX ,77087,5103,†,Elementary,0,0,367,89,4,1,4,465,26.82,17.34
GREGORY-LINCOLN ED CTR,Texas,29.756306,-95.385083,2-No,1-Yes,718,656,TX ,482364005495,HOUSTON ISD,1101 TAFT,†,HOUSTON,TX ,77019,4537,†,Elementary,3,6,236,446,23,0,4,718,45.02,15.95
GRISSOM EL,Texas,29.620428,-95.455033,2-No,2-No,523,486,TX ,482364002472,HOUSTON ISD,4900 SIMSBROOK DR,†,HOUSTON,TX ,77045,5321,†,Elementary,1,0,388,126,3,3,2,523,31,16.87
GROSS EL,Texas,29.639064,-95.528487,2-No,2-No,623,615,TX ,482364008612,HOUSTON ISD,12583 S GESSNER DR,†,HOUSTON,TX ,77071,2848,†,Elementary,0,11,319,276,13,0,4,623,32.5,19.17
H S AHEAD ACADEMY,Texas,29.844512,-95.402684,2-No,2-No,198,195,TX ,482364012602,HOUSTON ISD,5320 YALE,†,HOUSTON,TX ,77091,5730,†,Middle,1,0,80,113,1,1,2,198,13,15.23
H S FOR LAW AND JUSTICE,Texas,29.738435,-95.347253,2-No,1-Yes,467,390,TX ,482364005745,HOUSTON ISD,3503 COYLE,†,HOUSTON,TX ,77003,,†,High,1,4,355,93,11,0,3,467,26.5,17.62
HALPIN EARLY CHILDHOOD CTR,Texas,29.662352,-95.502831,2-No,2-No,439,433,TX ,482364007321,HOUSTON ISD,10901 SANDPIPER,†,HOUSTON,TX ,77096,5717,†,Elementary,1,3,297,130,5,1,2,439,27,16.26
HAMILTON MIDDLE,Texas,29.804505,-95.397999,2-No,1-Yes,1210,984,TX ,482364002474,HOUSTON ISD,139 E 20TH ST,†,HOUSTON,TX ,77008,2533,†,Middle,1,10,1070,93,30,1,5,1210,66,18.33
HARPER DAEP,Texas,29.829492,-95.411099,2-No,2-No,5,‡,TX ,482364011265,HOUSTON ISD,4425 N SHEPHERD,†,HOUSTON,TX ,77018,,†,Secondary,0,0,2,3,0,0,0,5,11,0.45
HARRIS CO J J A E P,Texas,29.684409,-95.417276,2-No,2-No,8,‡,TX ,482364007934,HOUSTON ISD,2525 MURWORTH,†,HOUSTON,TX ,77054,1603,†,Secondary,0,0,6,2,0,0,0,8,–,†
HARRIS J R EL,Texas,29.718712,-95.277378,2-No,2-No,427,427,TX ,482364002478,HOUSTON ISD,801 BROADWAY ST,†,HOUSTON,TX ,77012,2124,†,Elementary,0,0,418,9,0,0,0,427,25.92,16.47
HARRIS R P EL,Texas,29.769330,-95.221136,2-No,2-No,621,608,TX ,482364002479,HOUSTON ISD,1262 MAE DR,†,HOUSTON,TX ,77015,5515,†,Elementary,0,0,513,94,10,0,4,621,33.82,18.36
HARTMAN MIDDLE,Texas,29.673700,-95.302706,2-No,1-Yes,1260,1210,TX ,482364002480,HOUSTON ISD,7111 WESTOVER,†,HOUSTON,TX ,77087,5943,†,Middle,2,2,962,281,12,1,0,1260,70.27,17.93
HARTSFIELD EL,Texas,29.694199,-95.343054,2-No,1-Yes,422,410,TX ,482364002481,HOUSTON ISD,5001 PERRY ST,†,HOUSTON,TX ,77021,3515,†,Elementary,1,1,70,347,1,0,2,422,24.63,17.13
HARVARD EL,Texas,29.785915,-95.395965,2-No,1-Yes,655,99,TX ,482364002482,HOUSTON ISD,810 HARVARD ST,†,HOUSTON,TX ,77007,1607,†,Elementary,3,33,228,23,323,1,44,655,37,17.7
HCC LIFE SKILLS PROGRAM,TEXAS,29.737194,-95.376308,2-No,2-No,79,59,TX ,482364016982,HOUSTON ISD,1301 ALABAMA ST,†,HOUSTON,TX ,77004,3907,†,High,0,2,49,25,3,0,0,79,22.52,3.51
HEIGHTS H S,Texas,29.795384,-95.393500,2-No,1-Yes,2291,1478,TX ,482364002562,HOUSTON ISD,413 E 13TH ST,†,HOUSTON,TX ,77008,7021,†,High,4,21,1767,250,223,2,24,2291,119.31,19.2
HELMS EL,Texas,29.805178,-95.407006,2-No,1-Yes,487,305,TX ,482364002484,HOUSTON ISD,503 W 21ST ST,†,HOUSTON,TX ,77008,3641,†,Elementary,0,6,382,38,49,0,12,487,30,16.23
HENDERSON J EL,Texas,29.723286,-95.320583,2-No,2-No,742,737,TX ,482364002485,HOUSTON ISD,1800 DISMUKE,†,HOUSTON,TX ,77023,4753,†,Elementary,1,0,711,21,8,0,1,742,39.82,18.63
HENDERSON N EL,Texas,29.769223,-95.321406,2-No,2-No,318,310,TX ,482364002486,HOUSTON ISD,701 SOLO ST,†,HOUSTON,TX ,77020,7213,†,Elementary,0,0,68,242,4,0,4,318,18.82,16.9
HENRY MIDDLE,Texas,29.868556,-95.362834,2-No,2-No,804,774,TX ,482364002487,HOUSTON ISD,10702 E HARDY,†,HOUSTON,TX ,77093,4002,†,Middle,1,0,684,102,15,1,1,804,55.61,14.46
HEROD EL,Texas,29.683456,-95.487222,2-No,1-Yes,811,393,TX ,482364002488,HOUSTON ISD,5627 JASON ST,†,HOUSTON,TX ,77096,2110,†,Elementary,2,61,327,205,189,0,27,811,42.82,18.94
HERRERA EL,Texas,29.822411,-95.366367,2-No,1-Yes,896,875,TX ,482364001322,HOUSTON ISD,525 BENNINGTON ST,†,HOUSTON,TX ,77022,4911,†,Elementary,0,1,856,16,23,0,0,896,51.82,17.29
HIGHLAND HTS EL,Texas,29.849235,-95.420684,2-No,2-No,472,436,TX ,482364002489,HOUSTON ISD,865 PAUL QUINN ST,†,HOUSTON,TX ,77091,4154,†,Elementary,3,0,240,222,5,0,2,472,31.83,14.83
HILLIARD EL,Texas,29.838450,-95.268239,2-No,2-No,577,552,TX ,482364012966,HOUSTON ISD,8115 E HOUSTON RD,†,HOUSTON,TX ,77028,2022,†,Elementary,0,1,164,400,8,0,4,577,35.64,16.19
HINES-CALDWELL,Texas,29.626930,-95.472305,2-No,2-No,810,734,TX ,482364010751,HOUSTON ISD,5515 W OREM,†,HOUSTON,TX ,77085,1253,†,Elementary,0,6,649,145,5,0,5,810,40,20.25
HOBBY EL,Texas,29.635314,-95.436981,2-No,2-No,779,737,TX ,482364002490,HOUSTON ISD,4021 WOODMONT DR,†,HOUSTON,TX ,77045,3515,†,Elementary,0,2,445,309,9,0,14,779,45.82,17
HOGG MIDDLE,Texas,29.789863,-95.386199,2-No,1-Yes,1032,441,TX ,482364002491,HOUSTON ISD,1100 MERRILL ST,†,HOUSTON,TX ,77009,6009,†,Middle,3,17,702,64,215,2,29,1032,53.82,19.18
HOLLAND MIDDLE,Texas,29.762866,-95.273831,2-No,2-No,680,667,TX ,482364005494,HOUSTON ISD,1600 GELLHORN,†,HOUSTON,TX ,77029,3328,†,Middle,2,1,540,128,7,0,2,680,38.67,17.58
HORN EL,Texas,29.693850,-95.454467,2-No,2-No,822,85,TX ,482364002494,HOUSTON ISD,4530 HOLLY ST,†,BELLAIRE,TX ,77401,5803,†,Elementary,1,288,129,40,315,0,49,822,42,19.57
HOUSTON ACADEMY FOR INTERNATIONAL STUDIES,Texas,29.737046,-95.370072,2-No,1-Yes,497,326,TX ,482364011263,HOUSTON ISD,1810 STUART,†,HOUSTON,TX ,77004,3043,†,High,1,14,267,180,30,0,5,497,22.55,22.04
HOUSTON MATH SCIENCE AND TECHNOLOGY CENTER,Texas,29.847589,-95.361584,2-No,2-No,2801,2619,TX ,482364012211,HOUSTON ISD,9400 IRVINGTON,†,HOUSTON,TX ,77076,5224,†,High,6,2,2534,207,44,1,7,2801,137.94,20.31
INSPIRED FOR EXCELLENCE ACADEMY INC,Texas,29.640424,-95.506913,1-Yes,2-No,171,167,TX ,482364012042,HOUSTON ISD,12525 FONDREN RD,†,HOUSTON,TX ,77035,5252,†,Middle,1,0,111,59,0,0,0,171,8.82,19.39
ISAACS EL,Texas,29.795051,-95.318424,2-No,2-No,313,299,TX ,482364002497,HOUSTON ISD,3830 PICKFAIR ST,†,HOUSTON,TX ,77026,3968,†,Elementary,0,0,171,138,3,0,1,313,19.3,16.22
JANOWSKI EL,Texas,29.830197,-95.370882,2-No,2-No,524,498,TX ,482364002499,HOUSTON ISD,7500 BAUMAN RD,†,HOUSTON,TX ,77022,6125,†,Elementary,1,1,488,18,15,0,1,524,31,16.9
JEFFERSON EL,Texas,29.805381,-95.370654,2-No,2-No,434,409,TX ,482364002500,HOUSTON ISD,5000 SHARMAN ST,†,HOUSTON,TX ,77009,2651,†,Elementary,1,1,399,26,5,0,2,434,27,16.07
JONES FUTURES ACADEMY,Texas,29.674981,-95.340951,2-No,1-Yes,359,335,TX ,482364002503,HOUSTON ISD,7414 ST LO RD,†,HOUSTON,TX ,77033,2797,†,High,1,0,226,130,2,0,0,359,25.84,13.89
KASHMERE GARDENS EL,Texas,29.804904,-95.318246,2-No,2-No,477,467,TX ,482364002505,HOUSTON ISD,4901 LOCKWOOD DR,†,HOUSTON,TX ,77026,2997,†,Elementary,1,0,74,397,4,0,1,477,27.72,17.21
KASHMERE H S,Texas,29.822690,-95.315479,2-No,1-Yes,830,810,TX ,482364002506,HOUSTON ISD,6900 WILEYVALE ST,†,HOUSTON,TX ,77028,4156,†,High,1,0,303,505,15,0,6,830,49.77,16.68
KELSO EL,Texas,29.682041,-95.333699,2-No,2-No,492,479,TX ,482364002507,HOUSTON ISD,5800 SOUTHMUND ST,†,HOUSTON,TX ,77033,1832,†,Elementary,1,0,306,174,3,0,8,492,25,19.68
KENNEDY EL,Texas,29.834488,-95.393613,2-No,2-No,717,697,TX ,482364002508,HOUSTON ISD,400 VICTORIA DR,†,HOUSTON,TX ,77022,3931,†,Elementary,0,0,535,167,8,0,7,717,36.85,19.46
KETELSEN EL,Texas,29.780523,-95.361943,2-No,2-No,549,532,TX ,482364009279,HOUSTON ISD,600 QUITMAN,†,HOUSTON,TX ,77009,8113,†,Elementary,0,0,526,15,7,0,1,549,29,18.93
KEY MIDDLE,Texas,29.811688,-95.330213,2-No,2-No,640,608,TX ,482364002509,HOUSTON ISD,4000 KELLEY ST,†,HOUSTON,TX ,77026,1534,†,Middle,2,0,286,338,12,0,2,640,42.91,14.91
KINDER H S FOR PERFORMING AND VISUAL ARTS,Texas,29.757108,-95.360453,2-No,1-Yes,794,134,TX ,482364002552,HOUSTON ISD,790 AUSTIN ST,†,HOUSTON,TX ,77002,,†,High,3,73,217,133,336,1,31,794,45.7,17.37
KING EARLY CHILDHOOD CTR,Texas,29.614025,-95.436000,2-No,2-No,402,402,TX ,482364010746,HOUSTON ISD,3930 W FUQUA,†,HOUSTON,TX ,77045,6302,†,Elementary,0,0,185,211,6,0,0,402,21,19.14
KOLTER EL,Texas,29.712887,-95.455950,2-No,1-Yes,687,147,TX ,482364002510,HOUSTON ISD,6300 AVE B,†,BELLAIRE,TX ,77401,,†,Elementary,2,66,180,85,328,0,26,687,38,18.08
LAMAR H S,Texas,29.740249,-95.426211,2-No,1-Yes,2807,1296,TX ,482364002512,HOUSTON ISD,3325 WESTHEIMER RD,†,HOUSTON,TX ,77098,1003,†,High,10,164,1039,750,771,5,68,2807,133.74,20.99
LANIER MIDDLE,Texas,29.741828,-95.405713,2-No,1-Yes,1461,320,TX ,482364002514,HOUSTON ISD,2600 WOODHEAD ST,†,HOUSTON,TX ,77098,1615,†,Middle,5,282,431,199,452,4,88,1461,67,21.81
LANTRIP EL,Texas,29.740286,-95.335098,2-No,1-Yes,699,548,TX ,482364002515,HOUSTON ISD,100 TELEPHONE RD,†,HOUSTON,TX ,77023,1834,†,Elementary,1,5,630,33,27,0,3,699,42.5,16.45
LAS AMERICAS,Texas,29.704341,-95.497999,2-No,2-No,354,354,TX ,482364008608,HOUSTON ISD,6501 BELLAIRE BLVD,†,HOUSTON,TX ,77074,6428,†,Middle,0,15,325,10,4,0,0,354,13,27.23
LAURENZO EARLY CHILDHOOD CTR,Texas,29.746417,-95.319786,2-No,2-No,321,317,TX ,482364010747,HOUSTON ISD,205 N DELMAR,†,HOUSTON,TX ,77011,2309,†,Elementary,0,0,306,9,5,0,1,321,19.79,16.22
LAW EL,Texas,29.627827,-95.364475,2-No,2-No,669,612,TX ,482364002516,HOUSTON ISD,12401 S COAST DR,†,HOUSTON,TX ,77047,2736,†,Elementary,0,5,174,468,11,1,10,669,38,17.61
LAWSON MIDDLE,Texas,29.622869,-95.452879,2-No,1-Yes,1330,1270,TX ,482364002442,HOUSTON ISD,14000 STANCLIFF ST,†,HOUSTON,TX ,77045,5328,†,Middle,3,3,824,483,6,4,7,1330,71.79,18.53
LEWIS EL,Texas,29.665578,-95.282481,2-No,2-No,799,772,TX ,482364002519,HOUSTON ISD,6745 TIPPERARY,†,HOUSTON,TX ,77061,2101,†,Elementary,2,0,636,150,9,0,2,799,46.38,17.23
LIBERTY H S,Texas,29.698850,-95.531716,2-No,2-No,387,379,TX ,482364010741,HOUSTON ISD,8330 TRIOLA LN,†,HOUSTON,TX ,77036,6310,†,High,0,8,341,26,12,0,0,387,17.66,21.91
LOCKHART EL,Texas,29.717530,-95.365653,2-No,1-Yes,578,509,TX ,482364002521,HOUSTON ISD,3200 ROSEDALE ST,†,HOUSTON,TX ,77004,6211,†,Elementary,3,3,13,545,8,1,5,578,33.79,17.11
LONG ACADEMY,Texas,29.704341,-95.497999,2-No,1-Yes,950,934,TX ,482364002522,HOUSTON ISD,6501 BELLAIRE BLVD,†,HOUSTON,TX ,77074,6428,†,High,5,60,718,130,33,0,4,950,49.05,19.37
LONGFELLOW EL,Texas,29.687206,-95.432238,2-No,1-Yes,733,516,TX ,482364002523,HOUSTON ISD,3617 NORRIS,†,HOUSTON,TX ,77025,3699,†,Elementary,2,58,178,434,46,2,13,733,41.71,17.57
LOOSCAN EL,Texas,29.795291,-95.357721,2-No,2-No,329,321,TX ,482364002524,HOUSTON ISD,3800 ROBERTSON ST,†,HOUSTON,TX ,77009,4959,†,Elementary,0,0,307,20,2,0,0,329,24.82,13.26
LOVE EL,Texas,29.793673,-95.408922,2-No,2-No,359,281,TX ,482364002525,HOUSTON ISD,1120 W 13TH ST,†,HOUSTON,TX ,77008,6627,†,Elementary,1,2,310,27,17,0,2,359,23,15.61
LOVETT EL,Texas,29.682691,-95.469149,2-No,1-Yes,671,209,TX ,482364002526,HOUSTON ISD,8814 S RICE AVE,†,HOUSTON,TX ,77096,2622,†,Elementary,2,63,171,157,251,0,27,671,40.45,16.59
LYONS EL,Texas,29.855511,-95.367009,2-No,2-No,980,928,TX ,482364004587,HOUSTON ISD,800 ROXELLA RD,†,HOUSTON,TX ,77076,4431,†,Elementary,0,0,952,11,13,0,4,980,50,19.6
MACGREGOR EL,Texas,29.728118,-95.380932,2-No,1-Yes,520,381,TX ,482364002528,HOUSTON ISD,4801 LABRANCH ST,†,HOUSTON,TX ,77004,5650,†,Elementary,1,4,133,353,12,0,17,520,30,17.33
MADING EL,Texas,29.659646,-95.327519,2-No,2-No,388,374,TX ,482364002529,HOUSTON ISD,8511 CRESTMONT ST,†,HOUSTON,TX ,77033,1324,†,Elementary,0,0,119,266,0,0,3,388,31,12.52
MADISON H S,Texas,29.629169,-95.435617,2-No,2-No,1778,1522,TX ,482364002530,HOUSTON ISD,13719 WHITEHEATHER,†,HOUSTON,TX ,77045,4421,†,High,1,9,1099,645,14,2,8,1778,92.23,19.28
MANDARIN IMMERSION MAGNET SCHOOL,Texas,29.737317,-95.472730,2-No,1-Yes,702,177,TX ,482364012659,HOUSTON ISD,5445 W ALABAMA,†,HOUSTON,TX ,77056,2662,†,Elementary,0,294,126,109,109,1,63,702,41,17.12
MARK WHITE EL,TEXAS,29.742357,-95.509546,2-No,2-No,697,498,TX ,482364013067,HOUSTON ISD,2515 OLD FARM RD,†,HOUSTON,TX ,77063,,†,Elementary,4,106,286,133,153,1,14,697,39.49,17.65
MARSHALL EL,Texas,29.898200,-95.297800,2-No,2-No,898,844,TX ,482364013015,HOUSTON ISD,6200 WINFIELD RD,†,HOUSTON,TX ,77050,4604,†,Elementary,1,1,582,303,7,1,3,898,50.64,17.73
MARSHALL MIDDLE,Texas,29.782140,-95.357137,2-No,1-Yes,750,715,TX ,482364002531,HOUSTON ISD,1115 NOBLE ST,†,HOUSTON,TX ,77009,8437,†,Middle,1,0,619,121,8,0,1,750,44.85,16.72
MARTINEZ C EL,Texas,29.790269,-95.359508,2-No,2-No,394,384,TX ,482364006985,HOUSTON ISD,901 HAYS ST,†,HOUSTON,TX ,77009,8910,†,Elementary,0,1,227,160,4,0,2,394,29.51,13.35
MARTINEZ R EL,Texas,29.773140,-95.296741,2-No,2-No,537,516,TX ,482364001432,HOUSTON ISD,7211 MARKET ST,†,HOUSTON,TX ,77020,5422,†,Elementary,0,0,520,13,4,0,0,537,29.62,18.13
MCGOWEN EL,Texas,29.820528,-95.300485,2-No,2-No,464,455,TX ,482364002495,HOUSTON ISD,6820 HOMESTEAD RD,†,HOUSTON,TX ,77028,5045,†,Elementary,1,0,139,320,4,0,0,464,26,17.85
MCNAMARA EL,Texas,29.684354,-95.504373,2-No,2-No,971,936,TX ,482364002566,HOUSTON ISD,8714 MCAVOY DR,†,HOUSTON,TX ,77074,7308,†,Elementary,1,107,696,119,42,0,6,971,50.14,19.37
MCREYNOLDS MIDDLE,Texas,29.771725,-95.311948,2-No,2-No,554,549,TX ,482364002533,HOUSTON ISD,5910 MARKET ST,†,HOUSTON,TX ,77020,6627,†,Middle,2,0,443,106,3,0,0,554,35.6,15.56
MEMORIAL EL,Texas,29.769801,-95.425310,2-No,2-No,320,193,TX ,482364002534,HOUSTON ISD,6401 ARNOT ST,†,HOUSTON,TX ,77007,2007,†,Elementary,1,17,231,18,40,0,13,320,20,16
MEYERLAND MIDDLE,Texas,29.669075,-95.474339,2-No,1-Yes,1476,888,TX ,482364002501,HOUSTON ISD,10410 MANHATTAN DR,†,HOUSTON,TX ,77096,5202,†,Middle,2,22,770,495,167,1,19,1476,86.76,17.01
MICKEY LELAND COLLEGE PREP ACAD FOR YOUNG MEN,Texas,29.776713,-95.335360,2-No,1-Yes,479,333,TX ,482364012618,HOUSTON ISD,1700 GREGG ST,†,HOUSTON,TX ,77020,2124,†,High,0,3,225,239,10,0,2,479,24.21,19.79
MIDDLE COLLEGE H S AT HCC FRAGA,TEXAS,29.752220,-95.332296,2-No,2-No,118,109,TX ,482364013180,HOUSTON ISD,301 N DRENNAN,†,HOUSTON,TX ,77003,,†,High,0,0,108,9,1,0,0,118,6,19.67
MIDDLE COLLEGE H S AT HCC GULFTON,TEXAS,29.715960,-95.474731,2-No,2-No,173,165,TX ,482364013076,HOUSTON ISD,5407 GULFTON ST 219,†,HOUSTON,TX ,77081,2803,†,High,0,2,130,38,2,1,0,173,5.58,31
MILBY H S,Texas,29.710873,-95.277294,2-No,1-Yes,2060,1913,TX ,482364002536,HOUSTON ISD,1601 BROADWAY,†,HOUSTON,TX ,77012,3721,†,High,7,8,1950,75,17,0,3,2060,96.83,21.27
MILNE EL,Texas,29.661066,-95.515245,2-No,2-No,565,538,TX ,482364021036,HOUSTON ISD,7800 PORTAL DR,†,HOUSTON,TX ,77071,1700,†,Elementary,2,1,298,251,12,0,1,565,36,15.69
MISTRAL CENTER FOR EARLY CHILDHOOD,Texas,29.701496,-95.491794,2-No,2-No,356,351,TX ,482364010745,HOUSTON ISD,6203 JESSAMINE,†,HOUSTON,TX ,77081,6304,†,Elementary,0,9,304,30,10,0,3,356,20.25,17.58
MITCHELL EL,Texas,29.607474,-95.275904,2-No,2-No,443,422,TX ,482364002537,HOUSTON ISD,10900 GULFDALE DR,†,HOUSTON,TX ,77075,4608,†,Elementary,2,7,275,149,6,0,4,443,24,18.46
MONTGOMERY EL,Texas,29.620308,-95.436923,2-No,2-No,524,505,TX ,482364002539,HOUSTON ISD,4000 SIMSBROOK DR,†,HOUSTON,TX ,77045,5628,†,Elementary,0,1,305,214,3,0,1,524,32.44,16.15
MORENO EL,Texas,29.874853,-95.390131,2-No,2-No,735,735,TX ,482364010749,HOUSTON ISD,620 E CANINO,†,HOUSTON,TX ,77037,4619,†,Elementary,0,3,716,13,0,0,3,735,41.56,17.69
MOUNT CARMEL ACADEMY,Texas,29.660829,-95.301575,1-Yes,2-No,325,253,TX ,482364012203,HOUSTON ISD,7155 ASHBURN ST,†,HOUSTON,TX ,77061,2611,†,High,0,1,293,25,4,0,2,325,23.88,13.61
NAVARRO MIDDLE,Texas,29.735042,-95.325463,2-No,2-No,668,626,TX ,482364002498,HOUSTON ISD,5100 POLK ST,†,HOUSTON,TX ,77023,1420,†,Middle,0,1,615,48,4,0,0,668,40,16.7
NEFF ECC,Texas,29.697654,-95.529063,2-No,2-No,684,625,TX ,482364002541,HOUSTON ISD,8200 CARVEL LN,†,HOUSTON,TX ,77036,6320,†,Elementary,0,26,582,54,20,0,2,684,43,15.91
NEFF EL,Texas,29.700315,-95.532441,2-No,2-No,781,720,TX ,482364010750,HOUSTON ISD,8301 NEFF ST,†,HOUSTON,TX ,77036,,†,Elementary,0,51,668,45,15,0,2,781,41.32,18.9
NORTH FOREST H S,Texas,29.867029,-95.259744,2-No,2-No,976,931,TX ,482364013022,HOUSTON ISD,10726 MESA DR,†,HOUSTON,TX ,77078,1401,†,High,2,0,397,570,6,0,1,976,58.28,16.75
NORTH HOUSTON EARLY COLLEGE H S,Texas,29.833163,-95.377713,2-No,1-Yes,486,407,TX ,482364012246,HOUSTON ISD,8001 FULTON ST BLDG C,†,HOUSTON,TX ,77022,8501,†,High,0,3,436,47,0,0,0,486,20.35,23.88
NORTHLINE EL,Texas,29.851146,-95.386818,2-No,2-No,554,536,TX ,482364002543,HOUSTON ISD,821 WITCHER LN,†,HOUSTON,TX ,77076,4818,†,Elementary,1,0,519,20,10,0,4,554,32.64,16.97
NORTHSIDE H S,Texas,29.783425,-95.358661,2-No,1-Yes,1480,1369,TX ,482364002434,HOUSTON ISD,1101 QUITMAN,†,HOUSTON,TX ,77009,7815,†,High,4,4,1266,195,6,0,5,1480,85.45,17.32
OAK FOREST EL,Texas,29.827777,-95.436347,2-No,1-Yes,890,131,TX ,482364002544,HOUSTON ISD,1401 W 43RD ST,†,HOUSTON,TX ,77018,4106,†,Elementary,3,35,286,41,482,2,41,890,47.32,18.81
OATES EL,Texas,29.793150,-95.252327,2-No,2-No,396,385,TX ,482364002545,HOUSTON ISD,10044 WALLISVILLE RD,†,HOUSTON,TX ,77013,4616,†,Elementary,0,3,342,42,5,0,4,396,25.82,15.34
ORTIZ MIDDLE,Texas,29.663378,-95.287781,2-No,1-Yes,1107,1069,TX ,482364009275,HOUSTON ISD,6767 TELEPHONE RD,†,HOUSTON,TX ,77061,2056,†,Middle,0,23,870,201,8,0,5,1107,63.08,17.55
OSBORNE EL,Texas,29.875763,-95.416577,2-No,2-No,329,320,TX ,482364002547,HOUSTON ISD,800 RINGOLD ST,†,HOUSTON,TX ,77088,6337,†,Elementary,1,0,146,175,6,0,1,329,23,14.3
PARK PLACE EL,Texas,29.689530,-95.273199,2-No,2-No,970,892,TX ,482364002548,HOUSTON ISD,8235 PARK PL BLVD,†,HOUSTON,TX ,77017,3104,†,Elementary,1,145,788,24,8,0,4,970,51,19.02
PARKER EL,Texas,29.665579,-95.483962,2-No,1-Yes,912,385,TX ,482364002549,HOUSTON ISD,10626 ATWELL DR,†,HOUSTON,TX ,77096,4925,†,Elementary,1,34,418,137,281,0,41,912,55.49,16.44
PATTERSON EL,Texas,29.682397,-95.242546,2-No,1-Yes,925,842,TX ,482364002550,HOUSTON ISD,5302 ALLENDALE RD,†,HOUSTON,TX ,77017,6214,†,Elementary,0,2,848,61,14,0,0,925,52.79,17.52
PECK EL,Texas,29.706498,-95.334265,2-No,2-No,513,491,TX ,482364002551,HOUSTON ISD,5001 MARTIN LUTHER KING JR BLVD,†,HOUSTON,TX ,77021,2902,†,Elementary,1,0,237,265,4,0,6,513,29.24,17.54
PERSHING MIDDLE,Texas,29.701729,-95.438741,2-No,1-Yes,1785,899,TX ,482364002553,HOUSTON ISD,3838 BLUE BONNET,†,HOUSTON,TX ,77025,1230,†,Middle,4,123,679,602,343,3,31,1785,87.17,20.48
PETERSEN EL,Texas,29.617590,-95.425395,2-No,2-No,411,402,TX ,482364002554,HOUSTON ISD,14404 WATERLOO DR,†,HOUSTON,TX ,77045,6620,†,Elementary,0,4,307,95,4,0,1,411,28,14.68
PILGRIM ACADEMY,Texas,29.728949,-95.493807,2-No,2-No,1201,1153,TX ,482364002555,HOUSTON ISD,6302 SKYLINE,†,HOUSTON,TX ,77057,6902,†,Elementary,2,2,1113,59,22,1,2,1201,62.3,19.28
PIN OAK MIDDLE,Texas,29.719626,-95.456773,2-No,1-Yes,1254,441,TX ,482364009274,HOUSTON ISD,4601 GLENMONT,†,BELLAIRE,TX ,77401,2328,†,Middle,3,189,466,102,451,0,43,1254,64.8,19.35
PINEY POINT EL,Texas,29.724352,-95.521884,2-No,2-No,1229,1206,TX ,482364002556,HOUSTON ISD,8921 PAGEWOOD LN,†,HOUSTON,TX ,77063,5543,†,Elementary,8,41,986,142,48,0,4,1229,67.12,18.31
PLEASANTVILLE EL,Texas,29.764296,-95.272054,2-No,2-No,281,265,TX ,482364002558,HOUSTON ISD,1431 GELLHORN DR,†,HOUSTON,TX ,77029,3343,†,Elementary,0,0,99,174,5,0,3,281,18,15.61
POE EL,Texas,29.727206,-95.407623,2-No,1-Yes,844,225,TX ,482364002559,HOUSTON ISD,5100 HAZARD ST,†,HOUSTON,TX ,77098,5330,†,Elementary,2,77,304,77,316,1,67,844,44.28,19.06
PORT HOUSTON EL,Texas,29.760154,-95.283162,2-No,2-No,302,293,TX ,482364002560,HOUSTON ISD,1800 MCCARTY ST,†,HOUSTON,TX ,77029,3761,†,Elementary,1,0,293,6,2,0,0,302,19.4,15.57
PROJECT CHRYSALIS MIDDLE,TEXAS,29.734833,-95.333742,2-No,2-No,277,214,TX ,482364017019,HOUSTON ISD,4528 LEELAND,†,HOUSTON,TX ,77023,3047,†,Middle,0,5,267,3,2,0,0,277,14,19.79
PUGH EL,Texas,29.768132,-95.307053,2-No,1-Yes,395,370,TX ,482364002561,HOUSTON ISD,1147 KRESS ST,†,HOUSTON,TX ,77020,7416,†,Elementary,2,0,381,10,2,0,0,395,30.93,12.77
R D S P D,Texas,29.614386,-95.438168,2-No,2-No,46,8,TX ,482364008618,HOUSTON ISD,4040 W FUQUA,†,HOUSTON,TX ,77045,6307,†,Elementary,0,1,28,4,12,1,0,46,10,4.6
RAY DAILY EL,Texas,29.753948,-95.615229,2-No,2-No,805,456,TX ,482364010752,HOUSTON ISD,12909 BRIAR FOREST,†,HOUSTON,TX ,77077,2005,†,Elementary,1,118,311,242,112,0,21,805,40.51,19.87
REAGAN K-8 EDUCATIONAL CTR,Texas,29.607350,-95.454368,2-No,2-No,996,953,TX ,482364012085,HOUSTON ISD,4842 ANDERSON RD,†,HOUSTON,TX ,77053,2202,†,Elementary,0,4,657,319,10,0,6,996,55.61,17.91
RED EL,Texas,29.666926,-95.454383,2-No,1-Yes,640,435,TX ,482364002563,HOUSTON ISD,4520 TONAWANDA DR,†,HOUSTON,TX ,77035,3716,†,Elementary,2,18,398,116,99,0,7,640,36,17.78
REVERE MIDDLE,Texas,29.748577,-95.560878,2-No,1-Yes,1260,1047,TX ,482364005496,HOUSTON ISD,10502 BRIAR FOREST DR,†,HOUSTON,TX ,77042,2338,†,Middle,10,54,750,345,92,0,9,1260,70.06,17.98
REYNOLDS EL,Texas,29.651765,-95.375436,2-No,2-No,467,448,TX ,482364002564,HOUSTON ISD,9601 ROSEHAVEN DR,†,HOUSTON,TX ,77051,3132,†,Elementary,3,3,47,406,3,0,5,467,28.92,16.15
RICE SCH /LA ESCUELA RICE,TEXAS,29.697878,-95.420574,2-No,1-Yes,1125,732,TX ,482364016978,HOUSTON ISD,7550 SEUSS DR,†,HOUSTON,TX ,77025,1501,†,Elementary,1,48,548,479,30,0,19,1125,65,17.31
RIVER OAKS EL,Texas,29.747144,-95.420157,2-No,1-Yes,636,47,TX ,482364002567,HOUSTON ISD,2008 KIRBY DR,†,HOUSTON,TX ,77019,6016,†,Elementary,0,207,90,29,248,0,62,636,35,18.17
ROBERTS EL,Texas,29.711744,-95.411890,2-No,2-No,749,102,TX ,482364002568,HOUSTON ISD,6000 GREENBRIAR ST,†,HOUSTON,TX ,77030,1145,†,Elementary,0,249,103,74,272,1,50,749,39,19.21
ROBINSON EL,Texas,29.789917,-95.212697,2-No,2-No,550,517,TX ,482364009272,HOUSTON ISD,12425 WOODFOREST BLVD,†,HOUSTON,TX ,77013,6110,†,Elementary,0,0,430,111,6,0,3,550,32.94,16.7
RODERICK R PAIGE EL,Texas,29.827108,-95.338206,2-No,2-No,468,459,TX ,482364002404,HOUSTON ISD,7501 CURRY RD,†,HOUSTON,TX ,77093,8821,†,Elementary,1,0,334,130,3,0,0,468,26,18
RODRIGUEZ EL,Texas,29.718459,-95.477456,2-No,2-No,988,967,TX ,482364008613,HOUSTON ISD,5858 CHIMNEY ROCK,†,HOUSTON,TX ,77081,2714,†,Elementary,0,30,887,59,10,1,1,988,58.7,16.83
ROOSEVELT EL,Texas,29.818396,-95.374655,2-No,1-Yes,603,474,TX ,482364002571,HOUSTON ISD,6700 FULTON ST,†,HOUSTON,TX ,77022,5416,†,Elementary,1,3,556,29,13,0,1,603,32.5,18.55
ROSS EL,Texas,29.801245,-95.340914,2-No,1-Yes,344,341,TX ,482364002572,HOUSTON ISD,2819 BAY ST,†,HOUSTON,TX ,77026,3203,†,Elementary,0,1,145,193,0,0,5,344,22.83,15.07
RUCKER EL,Texas,29.694291,-95.242017,2-No,2-No,404,377,TX ,482364002573,HOUSTON ISD,5201 VINETT ST,†,HOUSTON,TX ,77017,4958,†,Elementary,0,0,388,8,5,0,3,404,27,14.96
SANCHEZ EL,Texas,29.702253,-95.284676,2-No,2-No,613,602,TX ,482364006119,HOUSTON ISD,2700 BERKLEY ST,†,HOUSTON,TX ,77012,3550,†,Elementary,1,0,598,10,3,0,1,613,33.5,18.3
SCARBOROUGH EL,Texas,29.830128,-95.321842,2-No,2-No,635,604,TX ,482364002579,HOUSTON ISD,3021 LITTLE YORK RD,†,HOUSTON,TX ,77093,3519,†,Elementary,0,0,619,12,4,0,0,635,38,16.71
SCARBOROUGH H S,Texas,29.829579,-95.470993,2-No,1-Yes,752,721,TX ,482364002580,HOUSTON ISD,4141 COSTA RICA,†,HOUSTON,TX ,77092,5202,†,High,1,3,578,148,16,1,5,752,48.64,15.46
SCHOOL AT ST GEORGE PLACE,Texas,29.735796,-95.472680,2-No,2-No,785,391,TX ,482364010744,HOUSTON ISD,5430 HIDALGO ST,†,HOUSTON,TX ,77056,6211,†,Elementary,1,136,295,140,176,1,36,785,45,17.44
SCROGGINS EL,Texas,29.781138,-95.298558,2-No,1-Yes,437,401,TX ,482364002582,HOUSTON ISD,400 BOYLES ST,†,HOUSTON,TX ,77020,5242,†,Elementary,0,0,423,9,5,0,0,437,32.8,13.32
SECONDARY DAEP,Texas,29.774948,-95.341474,2-No,2-No,113,76,TX ,482364012655,HOUSTON ISD,1510 JENSEN DR,†,HOUSTON,TX ,77020,,†,High,0,0,64,43,5,0,1,113,34.43,3.28
SEGUIN EL,Texas,29.678552,-95.305714,2-No,2-No,534,500,TX ,482364009278,HOUSTON ISD,5905 WALTRIP,†,HOUSTON,TX ,77087,5140,†,Elementary,0,0,474,52,6,0,2,534,32.45,16.46
SHADOWBRIAR EL,Texas,29.737581,-95.598622,2-No,1-Yes,645,504,TX ,482364007322,HOUSTON ISD,2650 SHADOWBRIAR DR,†,HOUSTON,TX ,77077,6000,†,Elementary,1,32,172,374,53,0,13,645,36,17.92
SHADYDALE EL,Texas,29.849317,-95.311420,2-No,2-No,894,890,TX ,482364012972,HOUSTON ISD,5905 TIDWELL RD,†,HOUSTON,TX ,77016,4745,†,Elementary,1,0,324,556,8,0,5,894,47.57,18.79
SHARPSTOWN H S,Texas,29.684105,-95.516886,2-No,2-No,1829,1738,TX ,482364002583,HOUSTON ISD,7504 BISSONNET ST,†,HOUSTON,TX ,77074,5502,†,High,3,54,1408,330,32,0,2,1829,87.4,20.93
SHARPSTOWN INTERNATIONAL SCHOOL,Texas,29.698850,-95.531716,2-No,1-Yes,1250,1199,TX ,482364002584,HOUSTON ISD,8330 TRIOLA,†,HOUSTON,TX ,77036,6310,†,High,2,118,1007,92,29,1,1,1250,60,20.83
SHEARN EL,Texas,29.677846,-95.441158,2-No,2-No,579,545,TX ,482364002585,HOUSTON ISD,9802 STELLA LINK RD,†,HOUSTON,TX ,77025,4605,†,Elementary,0,22,407,125,23,0,2,579,35,16.54
SHERMAN EL,Texas,29.779335,-95.352524,2-No,2-No,600,567,TX ,482364002586,HOUSTON ISD,1909 MCKEE ST,†,HOUSTON,TX ,77009,8200,†,Elementary,2,0,548,33,17,0,0,600,35.26,17.02
SINCLAIR EL,Texas,29.793832,-95.428647,2-No,1-Yes,589,197,TX ,482364002587,HOUSTON ISD,6410 GROVEWOOD LN,†,HOUSTON,TX ,77008,3222,†,Elementary,3,19,259,42,245,2,19,589,35.5,16.59
SMITH EL,Texas,29.838875,-95.461114,2-No,2-No,914,845,TX ,482364002589,HOUSTON ISD,4802 CHRYSTELL LN,†,HOUSTON,TX ,77092,3513,†,Elementary,1,0,748,133,22,0,10,914,51.18,17.86
SOAR CTR,Texas,29.802507,-95.454267,2-No,2-No,238,31,TX ,482364007018,HOUSTON ISD,4400 W 18TH ST,†,HOUSTON,TX ,77027,5751,†,Other,0,17,82,44,91,0,4,238,0.26,915.38
SOUTH EARLY COLLEGE H S,Texas,29.640910,-95.391425,2-No,1-Yes,427,423,TX ,482364013032,HOUSTON ISD,1930 AIRPORT BLVD,†,HOUSTON,TX ,77051,4144,†,High,0,10,189,217,8,2,1,427,20.85,20.48
SOUTHMAYD EL,Texas,29.710062,-95.288996,2-No,2-No,565,537,TX ,482364002591,HOUSTON ISD,1800 CORAL ST,†,HOUSTON,TX ,77012,3123,†,Elementary,0,0,548,16,0,0,1,565,34.94,16.17
STERLING H S,Texas,29.635087,-95.321432,2-No,1-Yes,1538,1436,TX ,482364002592,HOUSTON ISD,11625 MARTINDALE RD,†,HOUSTON,TX ,77048,2099,†,High,1,5,781,722,18,0,11,1538,89.36,17.21
STEVENS EL,Texas,29.827122,-95.446097,2-No,2-No,659,627,TX ,482364002593,HOUSTON ISD,1910 LAMONTE LN,†,HOUSTON,TX ,77018,4619,†,Elementary,1,1,554,60,37,0,6,659,38,17.34
STEVENSON MIDDLE,Texas,29.671032,-95.244751,2-No,1-Yes,1452,1290,TX ,482364004586,HOUSTON ISD,9595 WINKLER,†,HOUSTON,TX ,77017,5921,†,Middle,3,61,1308,59,16,1,4,1452,70.35,20.64
SUGAR GROVE ACADEMY,Texas,29.687533,-95.512883,2-No,2-No,772,756,TX ,482364006983,HOUSTON ISD,8405 BONHOMME,†,HOUSTON,TX ,77074,5609,†,Middle,3,34,587,124,21,1,2,772,41.73,18.5
SUTTON EL,Texas,29.697665,-95.501747,2-No,2-No,1154,1077,TX ,482364002596,HOUSTON ISD,7402 ALBACORE DR,†,HOUSTON,TX ,77074,6512,†,Elementary,2,146,837,79,86,0,4,1154,61,18.92
T H ROGERS SCHOOL,Texas,29.751023,-95.480849,2-No,1-Yes,1015,229,TX ,482364006272,HOUSTON ISD,5840 SAN FELIPE ST,†,HOUSTON,TX ,77057,3059,†,Other,3,471,204,128,157,1,51,1015,65.97,15.39
TANGLEWOOD MIDDLE,Texas,29.749705,-95.468313,2-No,2-No,870,466,TX ,482364001271,HOUSTON ISD,5215 SAN FELIPE,†,HOUSTON,TX ,77056,3504,†,Middle,4,77,459,121,183,1,25,870,47,18.51
TEXAS CONNECTIONS ACADEMY AT HOUSTON,Texas,29.728603,-95.562129,1-Yes,2-No,6295,2611,TX ,482364012363,HOUSTON ISD,10550 RICHMOND AVE HOUSTON TX 140,†,HOUSTON,TX ,77042,5112,†,Other,65,296,1593,796,3210,31,304,6295,212.04,29.69
THOMAS MIDDLE,Texas,29.638531,-95.332478,2-No,2-No,556,545,TX ,482364002598,HOUSTON ISD,5655 SELINSKY RD,†,HOUSTON,TX ,77048,1864,†,Middle,3,1,183,360,7,0,2,556,38.34,14.5
THOMPSON EL,Texas,29.705265,-95.363012,2-No,2-No,428,421,TX ,482364002590,HOUSTON ISD,6121 TIERWESTER,†,HOUSTON,TX ,77021,1311,†,Elementary,0,1,26,396,2,1,2,428,27,15.85
TIJERINA EL,Texas,29.740957,-95.309779,2-No,2-No,352,334,TX ,482364005500,HOUSTON ISD,6501 SHERMAN ST,†,HOUSTON,TX ,77011,3521,†,Elementary,0,0,346,5,1,0,0,352,20.5,17.17
TINSLEY EL,Texas,29.658802,-95.499672,2-No,2-No,680,668,TX ,482364008614,HOUSTON ISD,11035 BOB WHITE,†,HOUSTON,TX ,77096,5714,†,Elementary,1,2,589,85,2,0,1,680,37.65,18.06
TRAVIS EL,Texas,29.788677,-95.374456,2-No,1-Yes,714,111,TX ,482364002599,HOUSTON ISD,3311 BEAUCHAMP ST,†,HOUSTON,TX ,77009,6613,†,Elementary,1,21,234,28,381,0,49,714,39,18.31
TSU CHARTER LAB SCH,Texas,29.721658,-95.359929,1-Yes,2-No,76,73,TX ,482364011385,HOUSTON ISD,3100 CLEBURNE,†,HOUSTON,TX ,77004,6506,†,Elementary,0,0,2,71,0,0,3,76,4,19
TWAIN EL,Texas,29.698699,-95.437969,2-No,2-No,913,165,TX ,482364002601,HOUSTON ISD,7500 BRAES BLVD,†,HOUSTON,TX ,77025,1224,†,Elementary,2,189,201,83,395,1,42,913,50.59,18.05
VALLEY WEST EL,Texas,29.663505,-95.526064,2-No,1-Yes,846,755,TX ,482364007324,HOUSTON ISD,10707 S GESSNER DR,†,HOUSTON,TX ,77071,3507,†,Elementary,2,18,437,369,13,0,7,846,48,17.63
WAINWRIGHT EL,Texas,29.822868,-95.469382,2-No,1-Yes,523,484,TX ,482364002602,HOUSTON ISD,5330 MILWEE ST,†,HOUSTON,TX ,77092,6655,†,Elementary,1,5,390,86,32,0,9,523,33.82,15.46
WALNUT BEND EL,Texas,29.747745,-95.563940,2-No,2-No,745,632,TX ,482364002603,HOUSTON ISD,10620 BRIAR FOREST,†,HOUSTON,TX ,77042,2320,†,Elementary,3,25,368,253,82,0,14,745,39.65,18.79
WALTRIP H S,Texas,29.818482,-95.433053,2-No,1-Yes,1914,1338,TX ,482364002604,HOUSTON ISD,1900 W 34TH ST,†,HOUSTON,TX ,77018,6107,†,High,4,7,1505,245,136,0,17,1914,102.18,18.73
WASHINGTON B T H S,Texas,29.824821,-95.398102,2-No,1-Yes,819,776,TX ,482364002605,HOUSTON ISD,4204 YALE ST,†,HOUSTON,TX ,77018,6545,†,High,2,0,421,384,11,0,1,819,54.88,14.92
WELCH MIDDLE,Texas,29.653218,-95.529156,2-No,1-Yes,650,615,TX ,482364005501,HOUSTON ISD,11544 S GESSNER,†,HOUSTON,TX ,77071,2297,†,Middle,1,13,339,283,13,0,1,650,41.32,15.73
WESLEY EL,Texas,29.861408,-95.418891,2-No,1-Yes,392,390,TX ,482364002607,HOUSTON ISD,800 DILLARD ST,†,HOUSTON,TX ,77091,2301,†,Elementary,1,0,64,314,10,0,3,392,27.15,14.44
WEST BRIAR MIDDLE,Texas,29.760952,-95.630014,2-No,2-No,1144,649,TX ,482364009271,HOUSTON ISD,13733 BRIMHURST,†,HOUSTON,TX ,77077,1770,†,Middle,3,84,432,399,196,2,28,1144,57.6,19.86
WEST UNIVERSITY EL,Texas,29.715694,-95.435207,2-No,2-No,1284,47,TX ,482364002608,HOUSTON ISD,3756 UNIVERSITY BLVD,†,HOUSTON,TX ,77005,2828,†,Elementary,2,238,152,41,789,0,62,1284,65.6,19.57
WESTBURY H S,Texas,29.649573,-95.481053,2-No,1-Yes,2402,2107,TX ,482364002609,HOUSTON ISD,11911 CHIMNEY ROCK,†,HOUSTON,TX ,77035,4503,†,High,2,31,1556,751,44,2,16,2402,125.57,19.13
WESTSIDE H S,Texas,29.754148,-95.638114,2-No,1-Yes,2857,1542,TX ,482364008816,HOUSTON ISD,14201 BRIAR FOREST,†,HOUSTON,TX ,77077,1806,†,High,7,199,1280,821,507,4,39,2857,158.25,18.05
WHARTON K-8 DUAL LANGUAGE ACADEMY,Texas,29.754301,-95.390691,2-No,1-Yes,600,241,TX ,482364002610,HOUSTON ISD,900 W GRAY ST,†,HOUSTON,TX ,77019,4226,†,Elementary,0,11,396,72,103,0,18,600,28.13,21.33
WHEATLEY H S,Texas,29.771770,-95.319745,2-No,2-No,781,737,TX ,482364002611,HOUSTON ISD,4801 PROVIDENCE,†,HOUSTON,TX ,77020,6599,†,High,0,2,366,408,1,0,4,781,62.89,12.42
WHIDBY EL,Texas,29.682412,-95.375222,2-No,1-Yes,504,449,TX ,482364002612,HOUSTON ISD,7625 SPRINGHILL ST,†,HOUSTON,TX ,77021,6033,†,Elementary,0,16,116,355,11,1,5,504,30,16.8
WHITE E EL,Texas,29.696025,-95.542837,2-No,2-No,758,736,TX ,482364002613,HOUSTON ISD,9001 TRIOLA LN,†,HOUSTON,TX ,77036,6147,†,Elementary,1,85,626,30,15,0,1,758,40.04,18.93
WHITTIER EL,Texas,29.772190,-95.242557,2-No,2-No,499,497,TX ,482364002614,HOUSTON ISD,10511 LACROSSE ST,†,HOUSTON,TX ,77029,2111,†,Elementary,0,9,471,8,11,0,0,499,33,15.12
WILLIAMS MIDDLE,Texas,29.853775,-95.423590,2-No,1-Yes,461,455,TX ,482364002615,HOUSTON ISD,6100 KNOX ST,†,HOUSTON,TX ,77091,4143,†,Middle,2,1,231,220,6,0,1,461,38.45,11.99
WILSON MONTESSORI,Texas,29.747746,-95.398984,2-No,1-Yes,602,206,TX ,482364002616,HOUSTON ISD,2100 YUPON ST,†,HOUSTON,TX ,77006,1930,†,Elementary,1,42,262,55,211,1,30,602,31.95,18.84
WINDSOR VILLAGE EL,Texas,29.617611,-95.470787,2-No,1-Yes,732,659,TX ,482364002617,HOUSTON ISD,14440 POLO ST,†,HOUSTON,TX ,77085,3352,†,Elementary,2,5,474,241,5,1,4,732,41.01,17.85
WISDOM H S,Texas,29.728631,-95.499494,2-No,2-No,2029,1948,TX ,482364002518,HOUSTON ISD,6529 BEVERLY HILL LN,†,HOUSTON,TX ,77057,6406,†,High,4,109,1546,257,107,0,6,2029,100,20.29
WOODSON SCHOOL,Texas,29.643053,-95.366681,2-No,2-No,662,649,TX ,482364002417,HOUSTON ISD,10720 SOUTHVIEW ST,†,HOUSTON,TX ,77047,1038,†,Elementary,2,2,78,569,3,1,7,662,40.25,16.45
WORTHING H S,Texas,29.657534,-95.366686,2-No,2-No,805,786,TX ,482364002619,HOUSTON ISD,9215 SCOTT ST,†,HOUSTON,TX ,77051,3302,†,High,2,3,183,605,6,0,6,805,57.82,13.92
YATES H S,Texas,29.724115,-95.353830,2-No,1-Yes,814,755,TX ,482364002620,HOUSTON ISD,3650 ALABAMA ST,†,HOUSTON,TX ,77004,4741,†,High,0,1,87,714,5,0,7,814,56,14.54
YOUNG EL,Texas,29.669896,-95.371156,2-No,2-No,405,399,TX ,482364002595,HOUSTON ISD,3555 BELLFORT AVE,†,HOUSTON,TX ,77051,1401,†,Elementary,0,0,46,347,6,0,6,405,25.54,15.86
YOUNG LEARNERS,Texas,29.678516,-95.526882,1-Yes,2-No,1131,1126,TX ,482364008622,HOUSTON ISD,8432 BISSONNET ST,†,HOUSTON,TX ,77074,3908,†,Prekindergarten,1,5,737,365,10,0,13,1131,52.75,21.44
YOUNG SCHOLARS ACADEMY FOR EXCELLENCE,Texas,29.752014,-95.372318,1-Yes,2-No,136,120,TX ,482364007949,HOUSTON ISD,1809 LOUISIANA ST,†,HOUSTON,TX ,77002,8013,†,Elementary,0,0,8,124,1,0,3,136,9.99,13.61
YOUNG WOMEN'S COLLEGE PREP ACADEMY,Texas,29.730921,-95.374168,2-No,1-Yes,530,347,TX ,482364012621,HOUSTON ISD,1906 CLEBURNE ST,†,HOUSTON,TX ,77004,4131,†,High,4,8,230,269,10,0,9,530,26.98,19.64